fruit,category,image,method,iou,dice,precision,recall
Apple,Ripe,Apple_Ripe_084.jpg,Original Otsu,0.0,0.0,0.0,0.0
Apple,Ripe,Apple_Ripe_084.jpg,Otsu + Morphology 3x3,0.0,0.0,0.0,0.0
Apple,Ripe,Apple_Ripe_084.jpg,Otsu + Morphology 5x5,0.0,0.0,0.0,0.0
Apple,Ripe,Apple_Ripe_084.jpg,Otsu + Morphology 7x7,0.0,0.0,0.0,0.0
Apple,Overripe,Apple_Overripe_084.jpg,Original Otsu,0.0,0.0,0.0,0.0
Apple,Overripe,Apple_Overripe_084.jpg,Otsu + Morphology 3x3,0.0,0.0,0.0,0.0
Apple,Overripe,Apple_Overripe_084.jpg,Otsu + Morphology 5x5,0.0,0.0,0.0,0.0
Apple,Overripe,Apple_Overripe_084.jpg,Otsu + Morphology 7x7,0.0,0.0,0.0,0.0
Apple,Rotten,Apple_Rotten_084.jpg,Original Otsu,0.38166862514688604,0.5524749106990985,0.41904270416720424,0.8105814824057899
Apple,Rotten,Apple_Rotten_084.jpg,Otsu + Morphology 3x3,0.38188235294117645,0.5526987910778137,0.4194340354050911,0.8100823558772149
Apple,Rotten,Apple_Rotten_084.jpg,Otsu + Morphology 5x5,0.3822559755092429,0.5530899953149623,0.41985127707727127,0.8102071375093586
Apple,Rotten,Apple_Rotten_084.jpg,Otsu + Morphology 7x7,0.38263343799058086,0.5534850054641707,0.4200831591873667,0.8110390150569836
Banana,Ripe,Banana_Ripe_084.jpg,Original Otsu,0.0,0.0,0.0,0.0
Banana,Ripe,Banana_Ripe_084.jpg,Otsu + Morphology 3x3,0.0,0.0,0.0,0.0
Banana,Ripe,Banana_Ripe_084.jpg,Otsu + Morphology 5x5,0.0,0.0,0.0,0.0
Banana,Ripe,Banana_Ripe_084.jpg,Otsu + Morphology 7x7,0.0,0.0,0.0,0.0
Banana,Overripe,Banana_Overripe_084.jpg,Original Otsu,0.3593079141300865,0.5286630209315482,0.3594384375400658,0.9989903789048581
Banana,Overripe,Banana_Overripe_084.jpg,Otsu + Morphology 3x3,0.35934078844777684,0.5286986037667654,0.3594636465623164,0.9990497683810429
Banana,Overripe,Banana_Overripe_084.jpg,Otsu + Morphology 5x5,0.3592695429303716,0.5286214861488663,0.35940003845907315,0.9989903789048581
Banana,Overripe,Banana_Overripe_084.jpg,Otsu + Morphology 7x7,0.3591413230286404,0.5284826779136527,0.3592640447638472,0.9990497683810429
Banana,Rotten,Banana_Rotten_084.jpg,Original Otsu,0.2496537556740996,0.39955668446645703,0.2757333567539083,0.7252391860935183
Banana,Rotten,Banana_Rotten_084.jpg,Otsu + Morphology 3x3,0.24974800392583357,0.3996773799858854,0.27588455058237493,0.7249889310258533
Banana,Rotten,Banana_Rotten_084.jpg,Otsu + Morphology 5x5,0.2497047779532156,0.39962202651123035,0.27589315819565186,0.7245654224498046
Banana,Rotten,Banana_Rotten_084.jpg,Otsu + Morphology 7x7,0.24941715652087276,0.3992536123249657,0.2757878656570627,0.7228713881456099
Grape,Ripe,Grape_Ripe_094.jpg,Original Otsu,0.0,0.0,0.0,0.0
Grape,Ripe,Grape_Ripe_094.jpg,Otsu + Morphology 3x3,0.0,0.0,0.0,0.0
Grape,Ripe,Grape_Ripe_094.jpg,Otsu + Morphology 5x5,0.0,0.0,0.0,0.0
Grape,Ripe,Grape_Ripe_094.jpg,Otsu + Morphology 7x7,0.0,0.0,0.0,0.0
Grape,Overripe,Grape_Overripe_084.jpg,Original Otsu,0.0,0.0,0.0,0.0
Grape,Overripe,Grape_Overripe_084.jpg,Otsu + Morphology 3x3,0.0,0.0,0.0,0.0
Grape,Overripe,Grape_Overripe_084.jpg,Otsu + Morphology 5x5,0.0,0.0,0.0,0.0
Grape,Overripe,Grape_Overripe_084.jpg,Otsu + Morphology 7x7,0.0,0.0,0.0,0.0
Grape,Rotten,Grape_Rotten_064.jpg,Original Otsu,0.3339821620522356,0.5007295772807457,0.33901503981126513,0.95744149246273
Grape,Rotten,Grape_Rotten_064.jpg,Otsu + Morphology 3x3,0.3346408647140865,0.5014695317092287,0.33947414961976063,0.9591904722245357
Grape,Rotten,Grape_Rotten_064.jpg,Otsu + Morphology 5x5,0.33752687547213667,0.5047029434126208,0.34139532149994123,0.9675189472807529
Grape,Rotten,Grape_Rotten_064.jpg,Otsu + Morphology 7x7,0.33787592619497314,0.505093065178203,0.341638265366083,0.9684350795369367
Guava,Class_A,Guava_Class_A_084.jpg,Original Otsu,0.0,0.0,0.0,0.0
Guava,Class_A,Guava_Class_A_084.jpg,Otsu + Morphology 3x3,0.0,0.0,0.0,0.0
Guava,Class_A,Guava_Class_A_084.jpg,Otsu + Morphology 5x5,0.0,0.0,0.0,0.0
Guava,Class_A,Guava_Class_A_084.jpg,Otsu + Morphology 7x7,0.0,0.0,0.0,0.0
Guava,Class_B,Guava_Class_B_084.jpg,Original Otsu,0.4351953669085844,0.6064614991699655,0.44424904587293274,0.9552659103709068
Guava,Class_B,Guava_Class_B_084.jpg,Otsu + Morphology 3x3,0.4365659310395476,0.6077910127294106,0.4453976698010714,0.9565532223026793
Guava,Class_B,Guava_Class_B_084.jpg,Otsu + Morphology 5x5,0.4391983820555249,0.6103375150106032,0.4471733433171097,0.960978357068147
Guava,Class_B,Guava_Class_B_084.jpg,Otsu + Morphology 7x7,0.4412480637309139,0.6123138338707201,0.4489474276708319,0.9625874969828626
Guava,Defect,Guava_Defect_084.jpg,Original Otsu,0.3246177433389964,0.49013044702349295,0.35604235786029176,0.7862304295463669
Guava,Defect,Guava_Defect_084.jpg,Otsu + Morphology 3x3,0.3248854138581828,0.49043549043549045,0.3563953223824908,0.7860798875953432
Guava,Defect,Guava_Defect_084.jpg,Otsu + Morphology 5x5,0.3237057786077394,0.4890902250924823,0.3556350870794201,0.7828683259735046
Guava,Defect,Guava_Defect_084.jpg,Otsu + Morphology 7x7,0.321197276652275,0.48622152395915164,0.35391793605050087,0.7764953833801687
Mango,Ripe,Mango_Ripe_064.jpg,Original Otsu,0.0,0.0,0.0,0.0
Mango,Ripe,Mango_Ripe_064.jpg,Otsu + Morphology 3x3,0.0,0.0,0.0,0.0
Mango,Ripe,Mango_Ripe_064.jpg,Otsu + Morphology 5x5,0.0,0.0,0.0,0.0
Mango,Ripe,Mango_Ripe_064.jpg,Otsu + Morphology 7x7,0.0,0.0,0.0,0.0
Mango,Overripe,Mango_Overripe_084.jpg,Original Otsu,0.6509676228201212,0.7885892052906073,0.8227931349046397,0.7571155272713075
Mango,Overripe,Mango_Overripe_084.jpg,Otsu + Morphology 3x3,0.6507763140207017,0.788448814649688,0.8237583749867063,0.7560418537461445
Mango,Overripe,Mango_Overripe_084.jpg,Otsu + Morphology 5x5,0.6508213793798502,0.7884818884818885,0.823436902282484,0.756373716472104
Mango,Overripe,Mango_Overripe_084.jpg,Otsu + Morphology 7x7,0.6524382030039738,0.7896672950527335,0.826003538766548,0.7563932378089252
Mango,Rotten,Mango_Rotten_084.jpg,Original Otsu,0.17473071865910508,0.2974821648633676,0.1917588584255251,0.6630380002015925
Mango,Rotten,Mango_Rotten_084.jpg,Otsu + Morphology 3x3,0.17478418416284772,0.29755964800870904,0.1919756518685435,0.6612236669690555
Mango,Rotten,Mango_Rotten_084.jpg,Otsu + Morphology 5x5,0.17440215650688587,0.29700585194023066,0.19173158458401185,0.6586533615562947
Mango,Rotten,Mango_Rotten_084.jpg,Otsu + Morphology 7x7,0.17346638092686847,0.2956478067822534,0.19110507754282932,0.6527063804052011
Melon,Ripe,Melon_Ripe_084.jpg,Original Otsu,0.0,0.0,0.0,0.0
Melon,Ripe,Melon_Ripe_084.jpg,Otsu + Morphology 3x3,0.0,0.0,0.0,0.0
Melon,Ripe,Melon_Ripe_084.jpg,Otsu + Morphology 5x5,0.0,0.0,0.0,0.0
Melon,Ripe,Melon_Ripe_084.jpg,Otsu + Morphology 7x7,0.0,0.0,0.0,0.0
Melon,Overripe,Melon_Overripe_014.jpg,Original Otsu,0.0,0.0,0.0,0.0
Melon,Overripe,Melon_Overripe_014.jpg,Otsu + Morphology 3x3,0.0,0.0,0.0,0.0
Melon,Overripe,Melon_Overripe_014.jpg,Otsu + Morphology 5x5,0.0,0.0,0.0,0.0
Melon,Overripe,Melon_Overripe_014.jpg,Otsu + Morphology 7x7,0.0,0.0,0.0,0.0
Melon,Rotten,Melon_Rotten_010.jpg,Original Otsu,0.26486373325213153,0.41880200418290425,0.2718482634683752,0.9115739831008056
Melon,Rotten,Melon_Rotten_010.jpg,Otsu + Morphology 3x3,0.26555375369646095,0.4196641239786535,0.2725634950163511,0.911704984607323
Melon,Rotten,Melon_Rotten_010.jpg,Otsu + Morphology 5x5,0.26624337613978133,0.420524807721309,0.2731520482730247,0.9132442523089016
Melon,Rotten,Melon_Rotten_010.jpg,Otsu + Morphology 7x7,0.2670422427256091,0.4215206624068963,0.2740313240455801,0.9128184974127203
Orange,Ripe,Orange_Ripe_084.jpg,Original Otsu,0.0,0.0,0.0,0.0
Orange,Ripe,Orange_Ripe_084.jpg,Otsu + Morphology 3x3,0.0,0.0,0.0,0.0
Orange,Ripe,Orange_Ripe_084.jpg,Otsu + Morphology 5x5,0.0,0.0,0.0,0.0
Orange,Ripe,Orange_Ripe_084.jpg,Otsu + Morphology 7x7,0.0,0.0,0.0,0.0
Orange,Overripe,Orange_Overripe_084.jpg,Original Otsu,0.4803573961140264,0.6489748994060165,0.5959487100534454,0.712359018850067
Orange,Overripe,Orange_Overripe_084.jpg,Otsu + Morphology 3x3,0.4807948431090512,0.6493740106490142,0.5970099887543825,0.7118069248363436
Orange,Overripe,Orange_Overripe_084.jpg,Otsu + Morphology 5x5,0.4806326776965135,0.6492260841416189,0.5967599735508045,0.7118069248363436
Orange,Overripe,Orange_Overripe_084.jpg,Otsu + Morphology 7x7,0.48090163496948884,0.6494714079769341,0.597991283764352,0.7106501564266372
Orange,Rotten,Orange_Rotten_084.jpg,Original Otsu,0.7390036855779107,0.8499161809795968,0.8815791844604213,0.8204487523477327
Orange,Rotten,Orange_Rotten_084.jpg,Otsu + Morphology 3x3,0.7395715214466065,0.850291594600937,0.8825620207487596,0.8202978266702442
Orange,Rotten,Orange_Rotten_084.jpg,Otsu + Morphology 5x5,0.7428930018750378,0.8524826263870694,0.8831544697909364,0.8238697343708076
Orange,Rotten,Orange_Rotten_084.jpg,Otsu + Morphology 7x7,0.7438697463082166,0.8531253528344002,0.8848253373448394,0.8236181915749933
Peach,Ripe,Peach_Ripe_084.jpg,Original Otsu,0.1371467459436226,0.2412120448532191,0.1371467459436226,1.0
Peach,Ripe,Peach_Ripe_084.jpg,Otsu + Morphology 3x3,0.13855617875882034,0.24338927027714213,0.13855617875882034,1.0
Peach,Ripe,Peach_Ripe_084.jpg,Otsu + Morphology 5x5,0.13956624749407692,0.244946264073695,0.13956624749407692,1.0
Peach,Ripe,Peach_Ripe_084.jpg,Otsu + Morphology 7x7,0.13995906133489291,0.24555103087825056,0.13995906133489291,1.0
Peach,Overripe,Peach_Overripe_084.jpg,Original Otsu,0.09610207655741806,0.17535242129866335,0.09830577877872754,0.810858735117791
Peach,Overripe,Peach_Overripe_084.jpg,Otsu + Morphology 3x3,0.0962993396330404,0.17568074001627013,0.09850348503485035,0.811449801570548
Peach,Overripe,Peach_Overripe_084.jpg,Otsu + Morphology 5x5,0.09598434864198517,0.17515642218963742,0.09816652374535506,0.8119564299586254
Peach,Overripe,Peach_Overripe_084.jpg,Otsu + Morphology 7x7,0.09610225816784113,0.17535272361992604,0.09830845159836989,0.8106898589884319
Peach,Rotten,Peach_Rotten_084.jpg,Original Otsu,0.1982574204474552,0.3309095642794711,0.20541177013829567,0.8505736137667304
Peach,Rotten,Peach_Rotten_084.jpg,Otsu + Morphology 3x3,0.1999640514064887,0.33328340323547034,0.20722734469591134,0.8508604206500956
Peach,Rotten,Peach_Rotten_084.jpg,Otsu + Morphology 5x5,0.20130910732422977,0.3351495565910116,0.20856327752315032,0.8526768642447419
Peach,Rotten,Peach_Rotten_084.jpg,Otsu + Morphology 7x7,0.20180024548802108,0.33582992888485397,0.20932754880694143,0.8487571701720842
Pear,Ripe,Pear_Ripe_047.jpg,Original Otsu,0.059772585846014595,0.11280266473075116,0.06050922585300485,0.8307910048749804
Pear,Ripe,Pear_Ripe_047.jpg,Otsu + Morphology 3x3,0.05997797931872099,0.11316834969962412,0.06071888214745358,0.830948262305394
Pear,Ripe,Pear_Ripe_047.jpg,Otsu + Morphology 5x5,0.05999456447886941,0.11319787193128646,0.060724150973672446,0.8331498663311842
Pear,Ripe,Pear_Ripe_047.jpg,Otsu + Morphology 7x7,0.06059054446151221,0.11425812681042806,0.06131190199306859,0.837395816952351
Pear,Overripe,Pear_Overripe_032.jpg,Original Otsu,0.28167887567128364,0.43954672425064883,0.3319469172189889,0.6503590795837608
Pear,Overripe,Pear_Overripe_032.jpg,Otsu + Morphology 3x3,0.28236688199992355,0.44038392750685584,0.3331028574005321,0.6495969514876154
Pear,Overripe,Pear_Overripe_032.jpg,Otsu + Morphology 5x5,0.2840731738518613,0.4424563640710927,0.33512926155657174,0.6509160193463286
Pear,Overripe,Pear_Overripe_032.jpg,Otsu + Morphology 7x7,0.2874884944968044,0.4465880599720077,0.3401331329181877,0.6500366407738531
Pear,Rotten,Pear_Rotten_084.jpg,Original Otsu,0.07756754936947509,0.1439678643160009,0.1128463476070529,0.1987920621225194
Pear,Rotten,Pear_Rotten_084.jpg,Otsu + Morphology 3x3,0.07724144569036046,0.1434060042887777,0.11246583981500946,0.19783064217921853
Pear,Rotten,Pear_Rotten_084.jpg,Otsu + Morphology 5x5,0.07656759957253849,0.1422439233782261,0.11161008743000687,0.1960557130531246
Pear,Rotten,Pear_Rotten_084.jpg,Otsu + Morphology 7x7,0.07523024253821303,0.13993327114874077,0.10998012152655398,0.192308640453593
