fruit,category,image,H_mean,S_mean,V_mean
Apple,Unripe,Apple_Unripe_013.jpg,34.35019055995309,109.83753542460667,199.24604221635883
Apple,Rotten,Apple_Rotten_091.jpg,106.46434086761197,98.29378422013197,144.2053207918012
Apple,Unripe,Apple_Unripe_074.jpg,29.727678571428573,86.59494297719088,185.66537740096038
Apple,Unripe,Apple_Unripe_077.jpg,29.86960602549247,136.66414059482426,122.19058709926612
Apple,Overripe,Apple_Overripe_019.jpg,22.212889801938474,155.9841533220958,231.22590953785644
Apple,Unripe,Apple_Unripe_046.jpg,26.810807208359993,169.8971262529324,220.4324571692614
Apple,Ripe,Apple_Ripe_031.jpg,73.59007063529212,83.35041062082465,185.4468107740096
Apple,Unripe,Apple_Unripe_078.jpg,22.145745422167163,180.12829545894468,228.07903294491115
Apple,Rotten,Apple_Rotten_005.jpg,27.44850600390952,167.7219212510472,57.44949734710975
Apple,Overripe,Apple_Overripe_071.jpg,36.69760745029562,142.15509833654994,162.26040805073063
Apple,Unripe,Apple_Unripe_084.jpg,29.999381990292726,134.94392692412046,135.45009194778572
Apple,Ripe,Apple_Ripe_019.jpg,14.638898463659642,232.48105426432932,221.05817904274178
Apple,Unripe,Apple_Unripe_001.jpg,29.94604973575075,136.13269354573083,140.18223092240206
Apple,Rotten,Apple_Rotten_045.jpg,107.30271894876634,94.71524428601384,148.84077724190956
Apple,Unripe,Apple_Unripe_019.jpg,36.36407687253614,133.39706982771207,197.35771645495691
Apple,Unripe,Apple_Unripe_040.jpg,30.98354503899709,109.23902122588139,131.0480297795948
Apple,Rotten,Apple_Rotten_001.jpg,26.269054907583214,109.99627039175418,126.0115375673267
Apple,Ripe,Apple_Ripe_032.jpg,38.427406982895434,160.7781035090813,171.19008993122907
Apple,Overripe,Apple_Overripe_023.jpg,23.529486150840718,161.05588502058188,231.01235784553128
Apple,Rotten,Apple_Rotten_054.jpg,15.78753684820954,114.46078988063596,209.56313125211423
Apple,Rotten,Apple_Rotten_077.jpg,15.0856529538629,124.46950396065547,192.43697720355553
Apple,Ripe,Apple_Ripe_045.jpg,126.08937804833327,99.6512523378195,171.34196340166488
Apple,Rotten,Apple_Rotten_031.jpg,13.780054207589062,176.0669943792131,205.58140639689557
Apple,Overripe,Apple_Overripe_013.jpg,21.52000857632933,152.6069296740995,230.8672384219554
Apple,Unripe,Apple_Unripe_054.jpg,29.79730824697819,132.24887379016073,142.15704122745723
Apple,Ripe,Apple_Ripe_001.jpg,44.54960492167949,184.29760056539067,104.92064834553712
Apple,Overripe,Apple_Overripe_081.jpg,24.7256268575495,114.01364644815605,171.25040813763658
Apple,Ripe,Apple_Ripe_011.jpg,14.347470038898251,137.55559930077638,217.25320477487836
Apple,Rotten,Apple_Rotten_046.jpg,22.639357668574828,172.48717567467102,234.14550033454762
Apple,Rotten,Apple_Rotten_071.jpg,18.392660883782188,54.72526567964031,172.81285480721195
Apple,Unripe,Apple_Unripe_034.jpg,38.91406822123723,137.7895740990557,247.3715503950665
Apple,Unripe,Apple_Unripe_023.jpg,29.650843963010264,74.8037266698466,180.7792155836962
Apple,Overripe,Apple_Overripe_031.jpg,33.977119232468596,181.472558858802,137.01241873382565
Apple,Unripe,Apple_Unripe_032.jpg,29.60882093853114,133.28647147528255,136.1891208922466
Apple,Ripe,Apple_Ripe_046.jpg,14.70611872596391,233.36859037570258,220.64881421950497
Apple,Overripe,Apple_Overripe_005.jpg,24.373373091782003,142.54926671917784,226.76386857207157
Apple,Ripe,Apple_Ripe_034.jpg,24.679757753716277,133.3787025142228,164.41181868232704
Apple,Overripe,Apple_Overripe_001.jpg,33.772240368068,162.94945211252767,106.51750781442068
Apple,Ripe,Apple_Ripe_071.jpg,108.33957738781955,68.24145364017245,160.10657902726334
Apple,Unripe,Apple_Unripe_005.jpg,15.432172824966878,226.220594729869,222.76397271701262
Apple,Unripe,Apple_Unripe_011.jpg,29.657753157511983,95.24303195357604,173.9319149883495
Apple,Overripe,Apple_Overripe_084.jpg,24.20153233999323,133.10394514053505,230.4433626820183
Apple,Rotten,Apple_Rotten_023.jpg,23.01594298728969,134.4965652780839,232.2634082727206
Apple,Overripe,Apple_Overripe_032.jpg,92.97634482866874,172.7045104933524,91.52721051061893
Apple,Overripe,Apple_Overripe_074.jpg,14.50430250723487,174.36455425512844,215.41131841114554
Apple,Ripe,Apple_Ripe_040.jpg,6.37607192463313,151.224149254182,176.09728848360407
Apple,Rotten,Apple_Rotten_078.jpg,36.65497861334925,114.56479409131603,132.3701507012832
Apple,Overripe,Apple_Overripe_078.jpg,22.977037553772817,120.92398170755338,237.6279405495485
Apple,Overripe,Apple_Overripe_040.jpg,94.96138377748744,118.00375812621007,128.53589699192494
Apple,Rotten,Apple_Rotten_040.jpg,14.798870438996579,151.72124429874572,191.9130647805017
Apple,Overripe,Apple_Overripe_077.jpg,27.331349911190053,166.95827042628775,135.27597690941386
Apple,Rotten,Apple_Rotten_011.jpg,6.558828920570265,158.97060590631364,189.84562627291243
Apple,Overripe,Apple_Overripe_046.jpg,89.2678961051019,203.92933630441175,57.154743667115426
Apple,Ripe,Apple_Ripe_023.jpg,4.18923198733175,187.18176299815255,169.62410926365797
Apple,Rotten,Apple_Rotten_019.jpg,20.425884025014213,93.19658328595793,174.00405343945422
Apple,Ripe,Apple_Ripe_078.jpg,14.49491010047594,206.91257932310947,222.89230786180153
Apple,Unripe,Apple_Unripe_081.jpg,30.328093336218938,143.2554154288075,188.44221083282508
Apple,Unripe,Apple_Unripe_091.jpg,36.844532987398075,148.91443198665678,188.03899184581172
Apple,Rotten,Apple_Rotten_034.jpg,10.744810105242877,141.62452134961347,130.42613732148448
Apple,Overripe,Apple_Overripe_011.jpg,109.85924285138945,106.82093863270238,202.25792262384212
Apple,Ripe,Apple_Ripe_077.jpg,83.02307857449549,119.6784222647254,150.82222178851634
Apple,Rotten,Apple_Rotten_032.jpg,40.45655003719174,150.98989386050238,184.8714381758883
Apple,Ripe,Apple_Ripe_013.jpg,57.34749876583841,103.97014974493993,121.07946355109429
Apple,Ripe,Apple_Ripe_005.jpg,92.49938727873955,114.81501167088115,195.70823769694613
Apple,Overripe,Apple_Overripe_045.jpg,17.362972653612424,190.86712947332884,132.5842758271438
Apple,Rotten,Apple_Rotten_081.jpg,20.035784235578127,87.00128675214648,243.3943325969619
Apple,Ripe,Apple_Ripe_074.jpg,14.376142367014817,207.01214476560602,129.50650883531696
Apple,Ripe,Apple_Ripe_081.jpg,16.29387429785942,215.09786954101514,245.36078639744952
Apple,Unripe,Apple_Unripe_071.jpg,30.578214732526416,142.90908988137406,123.13962663732421
Apple,Unripe,Apple_Unripe_045.jpg,34.234922881404884,85.42100398590492,211.09301407582848
Apple,Overripe,Apple_Overripe_091.jpg,102.70213723740774,165.41612863979236,90.7171911752778
Apple,Rotten,Apple_Rotten_084.jpg,14.589381937708804,127.43735855156805,148.7060971009807
Apple,Rotten,Apple_Rotten_074.jpg,11.942068100253843,159.49576926443555,163.40259096081465
Apple,Overripe,Apple_Overripe_054.jpg,94.646164654787,167.67634684166828,92.48178131187328
Apple,Ripe,Apple_Ripe_091.jpg,22.034749897575328,214.86234124175948,114.88236992066744
Apple,Overripe,Apple_Overripe_034.jpg,114.76992817705049,86.42902677596469,112.5030374801987
Apple,Rotten,Apple_Rotten_013.jpg,14.461228314414221,119.98014028699936,147.48224994645534
Apple,Ripe,Apple_Ripe_054.jpg,14.477548304416404,234.1845302641956,221.12313929416405
Apple,Ripe,Apple_Ripe_084.jpg,6.3321498306739485,204.4933451810721,139.8749733044513
Apple,Unripe,Apple_Unripe_031.jpg,31.14872729138869,123.32849738273633,176.76976803859182
Banana,Unripe,Banana_Unripe_013.jpg,19.57147775889351,199.2923577331067,156.33930141241282
Banana,Unripe,Banana_Unripe_005.jpg,21.03849730631093,166.34718124679324,130.07035659312467
Banana,Rotten,Banana_Rotten_034.jpg,14.758579295523992,51.047387596118334,95.68134884658004
Banana,Rotten,Banana_Rotten_077.jpg,59.60686788215794,113.56698791637706,86.61819627867187
Banana,Ripe,Banana_Ripe_001.jpg,26.48087244355125,101.6660007093037,237.1789041257832
Banana,Rotten,Banana_Rotten_074.jpg,27.8594395199031,117.53742498485933,117.97033804988163
Banana,Unripe,Banana_Unripe_011.jpg,21.75732474682922,60.77203814767476,178.1853111788418
Banana,Overripe,Banana_Overripe_019.jpg,22.74814186751335,102.8863712897484,165.76754101120892
Banana,Rotten,Banana_Rotten_005.jpg,17.119303153611394,138.70957951848084,134.0281451339437
Banana,Overripe,Banana_Overripe_054.jpg,18.234386030094743,241.17817202303547,103.52709455693851
Banana,Rotten,Banana_Rotten_084.jpg,35.37752127324299,137.1766354509027,48.81980212507316
Banana,Rotten,Banana_Rotten_031.jpg,21.081451213472015,38.36544493973914,119.58195476308404
Banana,Ripe,Banana_Ripe_013.jpg,26.67612973537177,107.03094492540063,182.94150242524714
Banana,Ripe,Banana_Ripe_054.jpg,23.44030161879295,175.77057994766957,212.91623537191984
Banana,Unripe,Banana_Unripe_040.jpg,31.6835029621753,116.93168768038888,222.11678566003343
Banana,Overripe,Banana_Overripe_023.jpg,92.20399966016576,51.368984462023526,159.82706685294616
Banana,Ripe,Banana_Ripe_011.jpg,54.82543762522408,90.4245821469999,175.31876779500158
Banana,Ripe,Banana_Ripe_019.jpg,68.01801307599301,72.2021293269446,178.2282253369755
Banana,Overripe,Banana_Overripe_071.jpg,10.582155185076381,39.83805816686252,179.7936526880141
Banana,Ripe,Banana_Ripe_045.jpg,30.955023792093705,102.96671394582724,177.75372895314788
Banana,Ripe,Banana_Ripe_091.jpg,21.677788539967374,96.84716557911909,186.07604336595975
Banana,Overripe,Banana_Overripe_074.jpg,73.35520912244328,83.55078545512539,83.8997747298752
Banana,Overripe,Banana_Overripe_001.jpg,15.257334237748008,98.15630829235204,148.0501950144141
Banana,Unripe,Banana_Unripe_084.jpg,18.42946334207539,132.1960014874545,191.18104865541943
Banana,Overripe,Banana_Overripe_046.jpg,18.097257959512664,238.02375453389962,128.60720153765075
Banana,Rotten,Banana_Rotten_078.jpg,18.674092288119006,89.67564591896652,159.01942650225092
Banana,Overripe,Banana_Overripe_045.jpg,18.127428767593546,232.16184346035016,134.1823377960865
Banana,Overripe,Banana_Overripe_034.jpg,74.93742649602214,72.33245416810792,127.31692320996196
Banana,Unripe,Banana_Unripe_034.jpg,20.72069483490436,151.99051871451408,159.82197784025138
Banana,Overripe,Banana_Overripe_011.jpg,41.73643850835668,107.21484639165298,142.48067819534344
Banana,Ripe,Banana_Ripe_078.jpg,31.410236324512063,88.98703235305221,174.16004756691456
Banana,Rotten,Banana_Rotten_040.jpg,25.427354767330492,18.98532811519535,157.28412431057828
Banana,Ripe,Banana_Ripe_077.jpg,69.04818289854516,89.54037204577256,189.96226351804643
Banana,Unripe,Banana_Unripe_045.jpg,20.80478537416759,58.41970200130023,184.02083882417023
Banana,Ripe,Banana_Ripe_081.jpg,18.314222969815905,92.15330342958602,213.781796093823
Banana,Ripe,Banana_Ripe_084.jpg,55.338341432042306,173.7185847506074,170.83448263541518
Banana,Unripe,Banana_Unripe_001.jpg,18.58021394142684,125.08213772303182,165.5548876737041
Banana,Rotten,Banana_Rotten_045.jpg,40.34610097260886,83.81171598446575,53.46412001237241
Banana,Unripe,Banana_Unripe_071.jpg,23.523112125128584,136.94745206129824,174.4637921029726
Banana,Unripe,Banana_Unripe_054.jpg,18.094303266178265,204.69600885225884,162.74183455433456
Banana,Unripe,Banana_Unripe_091.jpg,19.54845480382869,160.53582045669856,143.55094573846003
Banana,Rotten,Banana_Rotten_023.jpg,21.40053039232194,134.84044933009406,104.9091838452842
Banana,Ripe,Banana_Ripe_034.jpg,21.484469885515182,211.72542724406836,178.9652480504397
Banana,Overripe,Banana_Overripe_091.jpg,85.66636873706358,65.70638396140885,150.97692827451718
Banana,Unripe,Banana_Unripe_078.jpg,18.195487042001787,188.7174107316315,141.5146967401018
Banana,Unripe,Banana_Unripe_074.jpg,39.75468217934166,83.0664276132494,213.96500619131152
Banana,Ripe,Banana_Ripe_046.jpg,22.67314016783851,208.59690405987752,161.518745747335
Banana,Ripe,Banana_Ripe_005.jpg,18.924302221498902,73.74218813573114,164.3709618357881
Banana,Ripe,Banana_Ripe_032.jpg,74.16457848267595,111.15789898337906,203.60445146268933
Banana,Unripe,Banana_Unripe_031.jpg,42.657995127268066,64.62985937466607,214.27440640294074
Banana,Rotten,Banana_Rotten_032.jpg,57.90894628485869,91.22680543300982,43.71101040079142
Banana,Ripe,Banana_Ripe_031.jpg,53.422810901726564,68.12657467476744,181.7223766862321
Banana,Unripe,Banana_Unripe_019.jpg,51.60045628495732,140.15964716766896,177.04216956137768
Banana,Rotten,Banana_Rotten_081.jpg,23.056968348170127,84.12020771513353,105.08489614243324
Banana,Unripe,Banana_Unripe_023.jpg,22.901516743269863,100.3124097176625,171.11766907419567
Banana,Unripe,Banana_Unripe_081.jpg,18.066935291466745,120.86559260928347,166.82477533600192
Banana,Rotten,Banana_Rotten_046.jpg,21.47959500889737,77.14206311772399,189.02506271037456
Banana,Overripe,Banana_Overripe_077.jpg,48.231405085893726,83.2363385875254,131.3209931654455
Banana,Unripe,Banana_Unripe_046.jpg,18.2437744229509,137.13179291764763,152.49082546540131
Banana,Overripe,Banana_Overripe_078.jpg,29.94599364903194,65.54100382291281,228.0700302133432
Banana,Rotten,Banana_Rotten_071.jpg,18.292303035947103,104.4671028124418,148.5824874278264
Banana,Rotten,Banana_Rotten_001.jpg,26.704578999759722,64.23330072426458,99.3766519067724
Banana,Ripe,Banana_Ripe_074.jpg,24.130689958527082,104.92095010682418,185.9760085459344
Banana,Overripe,Banana_Overripe_040.jpg,31.25581346977828,44.906214900786225,203.1490130621074
Banana,Unripe,Banana_Unripe_032.jpg,17.45851608860713,186.55465150565774,158.29175113338985
Banana,Overripe,Banana_Overripe_005.jpg,13.9565928424758,76.75511146963919,95.05528014080376
Banana,Overripe,Banana_Overripe_013.jpg,18.366609572439646,120.65250622111624,180.2900656044986
Banana,Rotten,Banana_Rotten_091.jpg,65.3839470342826,41.41294667150372,90.20720569562852
Banana,Rotten,Banana_Rotten_013.jpg,18.817098543597503,116.94510907256793,168.24590977870247
Banana,Rotten,Banana_Rotten_011.jpg,9.011082760150876,174.83974373197248,157.08512314177946
Banana,Unripe,Banana_Unripe_077.jpg,26.767933846035135,47.08221662079786,168.02127755343503
Banana,Ripe,Banana_Ripe_040.jpg,20.24163300265903,243.05150593168338,142.42952930047045
Banana,Overripe,Banana_Overripe_084.jpg,36.710426922424034,75.60827250608273,186.19463305607422
Banana,Overripe,Banana_Overripe_031.jpg,101.33813582251082,77.99914603625541,87.50281554383118
Banana,Rotten,Banana_Rotten_019.jpg,74.11613048341601,127.42916545083163,50.02091844178582
Banana,Overripe,Banana_Overripe_032.jpg,12.61247758517633,78.27353556485356,196.56561566049012
Banana,Overripe,Banana_Overripe_081.jpg,16.44040308909399,171.29210774157093,141.4898756828028
Banana,Rotten,Banana_Rotten_054.jpg,53.15568340306834,150.5458032204894,81.00110942056548
Banana,Ripe,Banana_Ripe_023.jpg,21.39772167487685,153.80033587102554,227.81812583967758
Banana,Ripe,Banana_Ripe_071.jpg,19.957134603593833,147.78833773522615,210.1287199924539
Grape,Rotten,Grape_Rotten_074.jpg,102.03177582190008,95.97051082923461,97.16826300802485
Grape,Unripe,Grape_Unripe_091.jpg,83.74569342729492,71.02747455207037,136.91236009396158
Grape,Ripe,Grape_Ripe_032.jpg,36.633720930232556,8.984011627906977,242.5421511627907
Grape,Unripe,Grape_Unripe_046.jpg,85.3191056910569,23.034959349593496,239.68861788617886
Grape,Ripe,Grape_Ripe_054.jpg,49.97420167758075,69.78629239938195,161.26779670370098
Grape,Overripe,Grape_Overripe_077.jpg,81.66776904310112,85.8334372458661,55.82535917592843
Grape,Overripe,Grape_Overripe_091.jpg,29.83823618425035,105.92694146843411,88.00674898613886
Grape,Rotten,Grape_Rotten_031.jpg,16.825711938663744,140.97458013873677,137.88307776560788
Grape,Rotten,Grape_Rotten_045.jpg,35.4897199258837,59.34018671607754,183.05662058152794
Grape,Rotten,Grape_Rotten_001.jpg,59.0957651391162,60.9806464811784,94.4423383797054
Grape,Overripe,Grape_Overripe_040.jpg,22.47636625933469,172.8598311269518,87.17402834351664
Grape,Overripe,Grape_Overripe_045.jpg,16.91652827368596,206.2094992941958,94.10630656813086
Grape,Rotten,Grape_Rotten_011.jpg,63.60614201432786,78.75953434471134,72.74786662452591
Grape,Rotten,Grape_Rotten_013.jpg,62.515383694481024,54.294220639291275,93.31255237639172
Grape,Unripe,Grape_Unripe_084.jpg,19.157453936348407,64.47319932998325,138.01633165829145
Grape,Rotten,Grape_Rotten_005.jpg,18.686076704108324,140.36385405446993,174.84667833512847
Grape,Rotten,Grape_Rotten_034.jpg,59.68845304448417,60.09485750341781,98.79114523083395
Grape,Ripe,Grape_Ripe_071.jpg,81.96500221568706,77.88911493373081,160.34926278048584
Grape,Unripe,Grape_Unripe_031.jpg,34.12511007396971,175.94312111071974,164.24161970177292
Grape,Overripe,Grape_Overripe_046.jpg,20.105608738340695,135.227970054001,142.15817787596137
Grape,Overripe,Grape_Overripe_081.jpg,14.54853558738021,102.84507914288791,146.9595940562076
Grape,Rotten,Grape_Rotten_019.jpg,76.45510332529109,74.52732613028428,76.40047728941572
Grape,Overripe,Grape_Overripe_013.jpg,22.9087441314554,60.455839201877936,175.87495808182427
Grape,Overripe,Grape_Overripe_078.jpg,20.746680691912108,155.1544647031323,116.98920056100982
Grape,Unripe,Grape_Unripe_054.jpg,49.31266055935243,54.851606805293,146.44230769230768
Grape,Rotten,Grape_Rotten_046.jpg,16.983434256055364,112.72309688581315,158.89227941176472
Grape,Ripe,Grape_Ripe_077.jpg,61.80343209064546,45.58835839636461,96.43898920745015
Grape,Ripe,Grape_Ripe_045.jpg,44.77350719097033,102.56022437647916,166.6944918532678
Grape,Ripe,Grape_Ripe_011.jpg,82.16480446927375,32.16620111731844,229.95670391061452
Grape,Unripe,Grape_Unripe_077.jpg,47.01091027874565,230.43183797909407,68.94723432055748
Grape,Unripe,Grape_Unripe_013.jpg,50.85767076753581,142.4205992165504,107.58230811604848
Grape,Ripe,Grape_Ripe_005.jpg,66.57458839181773,11.657159487776484,236.3692416431066
Grape,Overripe,Grape_Overripe_032.jpg,22.54775604142693,155.2878548139624,118.34045358649789
Grape,Ripe,Grape_Ripe_040.jpg,68.86904761904762,54.11054421768708,190.27721088435374
Grape,Overripe,Grape_Overripe_074.jpg,17.56412067819149,108.60682624113475,115.63935062056737
Grape,Overripe,Grape_Overripe_001.jpg,18.93365040497269,121.48135242041816,117.76003013750235
Grape,Overripe,Grape_Overripe_034.jpg,17.349950117671135,15.906713649851632,110.52365573518878
Grape,Unripe,Grape_Unripe_071.jpg,73.35311147502632,57.99526260381331,147.6360977892151
Grape,Ripe,Grape_Ripe_019.jpg,34.14529824487474,205.2219190493247,101.1561545268747
Grape,Ripe,Grape_Ripe_084.jpg,103.49734675423568,132.44751808490386,100.81460593946316
Grape,Overripe,Grape_Overripe_031.jpg,24.896613138111544,54.35559097886409,63.819626480891095
Grape,Unripe,Grape_Unripe_040.jpg,31.44013834361563,93.74083940923538,217.28014582164892
Grape,Unripe,Grape_Unripe_078.jpg,74.25038020185262,58.356663901562285,102.04341213880824
Grape,Overripe,Grape_Overripe_005.jpg,20.316178513008857,79.71821085768958,64.41278818554983
Grape,Ripe,Grape_Ripe_091.jpg,37.64655685061846,141.6210305661275,124.4020872978116
Grape,Overripe,Grape_Overripe_011.jpg,20.46344887683966,115.70369384198295,134.68970274980634
Grape,Overripe,Grape_Overripe_071.jpg,18.70622104115563,106.70458571817935,100.70373398746253
Grape,Ripe,Grape_Ripe_034.jpg,31.02,35.87,252.63
Grape,Unripe,Grape_Unripe_023.jpg,44.281488392514134,127.66988639481916,109.06053454804895
Grape,Rotten,Grape_Rotten_081.jpg,65.19270141900463,38.46119125586335,179.4096380210638
Grape,Ripe,Grape_Ripe_013.jpg,75.01058556471787,71.76473177059205,155.49478828870565
Grape,Ripe,Grape_Ripe_023.jpg,56.49301242236025,79.31922415705412,148.47264585181898
Grape,Unripe,Grape_Unripe_032.jpg,64.78196061180293,96.23396893611262,190.73467108825122
Grape,Ripe,Grape_Ripe_078.jpg,45.84588735577495,157.8369067443797,98.65437284405853
Grape,Ripe,Grape_Ripe_046.jpg,82.34018987341773,23.776898734177216,245.01582278481013
Grape,Rotten,Grape_Rotten_071.jpg,21.118943436499467,149.46835645677695,193.50811099252934
Grape,Rotten,Grape_Rotten_032.jpg,60.82548776711056,79.63701352327863,77.1207804273769
Grape,Unripe,Grape_Unripe_034.jpg,46.34971236284483,103.37238461196748,154.5086513260184
Grape,Unripe,Grape_Unripe_045.jpg,41.348918135553234,92.8308280812915,134.410897846382
Grape,Overripe,Grape_Overripe_019.jpg,50.1123738317757,59.19838317757009,99.98422429906542
Grape,Rotten,Grape_Rotten_023.jpg,30.054246885617214,133.23927897319743,174.47343022524223
Grape,Rotten,Grape_Rotten_078.jpg,69.53185582075012,32.44827082318558,131.5322942036045
Grape,Rotten,Grape_Rotten_084.jpg,43.227494302355026,93.27589263104583,147.39639782223347
Grape,Unripe,Grape_Unripe_019.jpg,62.115475050074025,74.50885003918836,150.3152486284072
Grape,Ripe,Grape_Ripe_081.jpg,102.6595998137002,165.04229363714532,77.83021639438235
Grape,Rotten,Grape_Rotten_077.jpg,52.98321001707456,77.77532726237905,183.39285714285714
Grape,Rotten,Grape_Rotten_054.jpg,19.037937187723056,121.654568165596,164.87466095645968
Grape,Overripe,Grape_Overripe_054.jpg,101.77644326038134,37.30078383019948,77.74171033510943
Grape,Rotten,Grape_Rotten_040.jpg,25.519459164381008,38.95871834473944,186.04678055015577
Grape,Overripe,Grape_Overripe_023.jpg,22.74278774289985,188.58292227204782,131.3727952167414
Grape,Ripe,Grape_Ripe_001.jpg,69.9911675331332,103.84552793439262,120.44866185838764
Grape,Overripe,Grape_Overripe_084.jpg,20.9379987400252,121.66227425451491,121.4295289094218
Grape,Rotten,Grape_Rotten_091.jpg,70.34131565262611,76.2736869474779,76.93260530421217
Guava,Defect,Guava_Defect_001.jpg,19.722361609972534,152.25369744348194,131.21948288611875
Guava,Defect,Guava_Defect_019.jpg,17.254005033145102,100.23216916277927,135.44613920942794
Guava,Defect,Guava_Defect_045.jpg,16.789788886458105,147.94686611244805,118.33972325530519
Guava,Class_A,Guava_Class_A_011.jpg,21.326878191101386,189.1562363238512,163.39671772428883
Guava,Class_A,Guava_Class_A_091.jpg,20.17127648333069,81.71440270513024,175.54370740212394
Guava,Class_A,Guava_Class_A_077.jpg,21.18237198351972,177.62651559741025,152.34814596821658
Guava,Class_A,Guava_Class_A_045.jpg,20.702057820982198,189.81533266001767,153.3460106047216
Guava,Class_B,Guava_Class_B_031.jpg,14.918945526143077,122.21286370597244,113.51255195799607
Guava,Class_A,Guava_Class_A_001.jpg,20.322106045023425,194.85973031653526,155.51891212432864
Guava,Class_A,Guava_Class_A_032.jpg,66.17788895376613,16.10471628005733,201.76597749349753
Guava,Defect,Guava_Defect_032.jpg,20.57394826493424,134.58261369038186,120.45264221201077
Guava,Defect,Guava_Defect_054.jpg,18.406401112185687,147.14739482591875,122.4705331237911
Guava,Class_A,Guava_Class_A_019.jpg,20.247960251046024,177.5553870292887,123.03226987447698
Guava,Class_B,Guava_Class_B_084.jpg,16.887930755541174,43.92795664132017,171.8454133635334
Guava,Class_B,Guava_Class_B_045.jpg,22.7412665135585,31.716993952929773,169.2462232148501
Guava,Defect,Guava_Defect_077.jpg,15.91503451175502,170.2829876318279,125.09830594583231
Guava,Defect,Guava_Defect_023.jpg,16.461350912046235,151.97696405996027,118.16135994220697
Guava,Class_B,Guava_Class_B_078.jpg,18.70647683272505,48.850621561035254,171.98624414102304
Guava,Defect,Guava_Defect_031.jpg,24.991457812219007,44.40387382085111,182.92147317998268
Guava,Defect,Guava_Defect_074.jpg,17.173432155074117,140.2258409350057,111.59280216647663
Guava,Class_B,Guava_Class_B_005.jpg,16.90957037265168,143.86368186017862,135.31902525408069
Guava,Class_A,Guava_Class_A_078.jpg,32.792106091610265,19.692671441313816,190.93950364657118
Guava,Class_A,Guava_Class_A_081.jpg,27.591699500919358,61.549422117152616,173.98519175203572
Guava,Defect,Guava_Defect_091.jpg,15.76292908762421,136.78043134598013,127.40550191960253
Guava,Class_B,Guava_Class_B_040.jpg,16.427594750848858,103.84275488666606,138.6289689822887
Guava,Class_B,Guava_Class_B_013.jpg,16.56287511542013,122.92396698984302,115.53629963065559
Guava,Class_B,Guava_Class_B_091.jpg,25.3765719927096,49.16854495747266,159.21905376670716
Guava,Class_B,Guava_Class_B_011.jpg,19.341823083067094,46.773642172523964,154.8341553514377
Guava,Class_B,Guava_Class_B_054.jpg,17.766622438449065,154.13836060740084,125.36130768096713
Guava,Class_A,Guava_Class_A_040.jpg,18.266094420600858,142.4867381974249,165.39
Guava,Defect,Guava_Defect_013.jpg,16.909851260096218,163.7106302687911,157.44450942313634
Guava,Class_B,Guava_Class_B_074.jpg,20.154947889900715,73.7383651612638,168.92666557033323
Guava,Defect,Guava_Defect_081.jpg,19.03932162255865,128.0521784352248,131.94753264763665
Guava,Defect,Guava_Defect_084.jpg,18.759192313640582,110.36410648004949,157.77891084132384
Guava,Class_A,Guava_Class_A_005.jpg,20.102957937584804,151.7053459972863,144.99812754409768
Guava,Defect,Guava_Defect_046.jpg,14.268080540589901,131.2515980275774,117.96585928225733
Guava,Defect,Guava_Defect_040.jpg,18.950482442944942,30.483313276314092,182.06447436283148
Guava,Class_B,Guava_Class_B_046.jpg,16.544862558191088,119.9748392817557,122.77568720904456
Guava,Class_A,Guava_Class_A_034.jpg,20.601172872697944,191.2613926603038,145.6429963704799
Guava,Class_B,Guava_Class_B_071.jpg,17.156339736607585,124.0211530844638,136.894989602931
Guava,Defect,Guava_Defect_078.jpg,16.570558644426793,199.7258240667196,124.00921697114111
Guava,Class_B,Guava_Class_B_023.jpg,16.319973718791065,153.31438896189223,126.48583520136044
Guava,Class_B,Guava_Class_B_032.jpg,14.946181151952365,124.82548952250086,116.97688365968166
Guava,Defect,Guava_Defect_034.jpg,18.087573529411763,136.4147181372549,121.79860294117647
Guava,Class_A,Guava_Class_A_023.jpg,20.253708040593285,186.221975019516,149.01338797814208
Guava,Class_B,Guava_Class_B_081.jpg,16.839056107539452,134.86389538281708,124.40897136177674
Guava,Class_A,Guava_Class_A_013.jpg,19.484914482097185,125.04857336956522,150.10260150255755
Guava,Defect,Guava_Defect_071.jpg,13.713176064441887,45.51199846566935,171.74497506712697
Guava,Class_A,Guava_Class_A_071.jpg,20.780163329820866,204.36670179135933,157.3790569020021
Guava,Class_A,Guava_Class_A_084.jpg,20.31468612462358,195.28691799861014,155.830872133426
Guava,Defect,Guava_Defect_011.jpg,18.128032470763873,119.00618935058472,152.62024135357055
Guava,Defect,Guava_Defect_005.jpg,18.82085919262085,149.4776234128566,124.46955246825713
Guava,Class_A,Guava_Class_A_031.jpg,18.83103082523636,66.54500694026137,159.98169997119138
Guava,Class_B,Guava_Class_B_001.jpg,17.330450984139116,152.8009984712402,143.33807089623542
Guava,Class_A,Guava_Class_A_054.jpg,20.85149215333162,205.66953949060974,158.01447131463854
Guava,Class_B,Guava_Class_B_034.jpg,15.11198714202221,26.8181122150789,171.710520163647
Guava,Class_A,Guava_Class_A_046.jpg,17.672643742523352,138.6608401842755,139.32013413423604
Guava,Class_A,Guava_Class_A_074.jpg,19.859569597069598,190.03878205128206,140.00815018315018
Guava,Class_B,Guava_Class_B_077.jpg,16.043646837265978,117.09269413980282,125.10593220338983
Guava,Class_B,Guava_Class_B_019.jpg,14.191923996955529,136.77402957486137,114.85559149722735
Mango,Ripe,Mango_Ripe_054.jpg,23.41267112071789,222.65225650094976,120.20468985393332
Mango,Overripe,Mango_Overripe_084.jpg,13.109351574212894,112.3777590371481,136.27101032816924
Mango,Rotten,Mango_Rotten_077.jpg,7.1387584113999205,138.3646919118617,171.68675286977174
Mango,Ripe,Mango_Ripe_011.jpg,68.79426177319962,57.729307365213636,192.20134388430316
Mango,Unripe,Mango_Unripe_084.jpg,65.88646313632341,43.18314819989754,101.56747473336128
Mango,Ripe,Mango_Ripe_013.jpg,21.707808958354477,223.95262864102304,213.949884130045
Mango,Ripe,Mango_Ripe_031.jpg,38.42438563327032,94.7037676813767,177.19974252004434
Mango,Rotten,Mango_Rotten_074.jpg,17.41757743775657,67.28122834141921,109.3318894279469
Mango,Rotten,Mango_Rotten_023.jpg,21.21917631502564,75.98547908536781,101.25224142935467
Mango,Unripe,Mango_Unripe_001.jpg,41.414880587875075,90.29210042865891,72.28317003470096
Mango,Rotten,Mango_Rotten_084.jpg,24.46829645491316,49.29217969307637,172.9412027123483
Mango,Overripe,Mango_Overripe_031.jpg,9.526215847498248,161.5464953357177,141.40151543084696
Mango,Overripe,Mango_Overripe_019.jpg,8.6087630603303,155.61579597798,139.92235142118864
Mango,Ripe,Mango_Ripe_046.jpg,26.99006274873648,188.78641624142392,192.8118636618893
Mango,Overripe,Mango_Overripe_013.jpg,19.926397876826876,215.1335890351196,76.14167817930634
Mango,Rotten,Mango_Rotten_034.jpg,21.72911665651535,44.03113467808391,109.63215219805811
Mango,Unripe,Mango_Unripe_054.jpg,37.373495486459376,133.5466329544188,186.36795804078903
Mango,Overripe,Mango_Overripe_071.jpg,48.20330814402358,70.83339962099058,144.77612708513675
Mango,Unripe,Mango_Unripe_078.jpg,50.450200792166356,193.93285840026405,29.742353394212785
Mango,Overripe,Mango_Overripe_023.jpg,25.87605328485018,79.51114471521974,106.7361718121744
Mango,Ripe,Mango_Ripe_001.jpg,54.75642561533435,87.77231073217786,150.43009615085415
Mango,Rotten,Mango_Rotten_071.jpg,15.1396234676007,144.36344133099826,157.05758318739055
Mango,Ripe,Mango_Ripe_023.jpg,21.064488160727098,133.73538776608467,191.15876136091845
Mango,Unripe,Mango_Unripe_071.jpg,33.91597774977719,148.6054503826178,193.40384615384616
Mango,Ripe,Mango_Ripe_077.jpg,58.83454973804738,68.90146298065834,199.90630663283798
Mango,Unripe,Mango_Unripe_046.jpg,42.55428779711938,130.71643324202526,118.37945679066891
Mango,Rotten,Mango_Rotten_078.jpg,23.54154798966682,68.07313539113731,127.49711863284097
Mango,Rotten,Mango_Rotten_091.jpg,18.455760145366444,35.77252574197456,164.65266505148395
Mango,Overripe,Mango_Overripe_091.jpg,18.64994452919151,147.18797670226044,125.29319789210928
Mango,Ripe,Mango_Ripe_091.jpg,54.55053047271013,115.64005068961453,120.1174643404456
Mango,Ripe,Mango_Ripe_005.jpg,21.517698225871275,132.3319888614572,225.31582649135902
Mango,Ripe,Mango_Ripe_081.jpg,49.86476949345475,74.23763991652437,205.55269398596093
Mango,Unripe,Mango_Unripe_005.jpg,59.81036364641189,72.55454005360745,173.1526499765122
Mango,Ripe,Mango_Ripe_074.jpg,57.472247016430295,94.42461734272207,212.1633194485768
Mango,Overripe,Mango_Overripe_032.jpg,8.350061857888225,176.060674519929,137.97914313377441
Mango,Rotten,Mango_Rotten_019.jpg,9.851468988030469,164.1591063656148,120.50752629669931
Mango,Ripe,Mango_Ripe_034.jpg,64.06632136163314,88.92459221923914,167.12585481991795
Mango,Overripe,Mango_Overripe_045.jpg,18.989294537469117,104.89026900905847,79.74891344130296
Mango,Rotten,Mango_Rotten_001.jpg,94.23152373532194,51.29241100413675,73.0540189585768
Mango,Rotten,Mango_Rotten_045.jpg,12.444358719531332,113.2891908149388,188.55025368762423
Mango,Ripe,Mango_Ripe_084.jpg,64.30026326296351,71.5122024255128,182.7361381444328
Mango,Overripe,Mango_Overripe_074.jpg,13.943222343522562,196.18642649199418,95.36136280931586
Mango,Overripe,Mango_Overripe_040.jpg,28.976776720761052,74.40496362618914,132.4646558477896
Mango,Rotten,Mango_Rotten_054.jpg,16.934551396316103,173.74343434343433,127.30383244206773
Mango,Unripe,Mango_Unripe_081.jpg,33.9309005980185,180.28258605813573,135.49649668263365
Mango,Rotten,Mango_Rotten_005.jpg,10.845276071203529,195.1894592785129,122.1414815689981
Mango,Ripe,Mango_Ripe_071.jpg,39.60002112378538,110.41477307019132,162.16971452712897
Mango,Overripe,Mango_Overripe_054.jpg,16.618544985089823,33.54515782966034,135.90524765437488
Mango,Overripe,Mango_Overripe_077.jpg,22.782597300484863,122.74724806709474,215.209384418818
Mango,Unripe,Mango_Unripe_045.jpg,45.689157340956086,55.14050906215789,104.0349486072254
Mango,Unripe,Mango_Unripe_091.jpg,88.99916285244407,62.489077453486296,84.52827973607562
Mango,Unripe,Mango_Unripe_019.jpg,76.71255412516261,53.91532203258189,102.78330517854022
Mango,Overripe,Mango_Overripe_001.jpg,10.417707469385764,138.1836610235644,149.7515002195443
Mango,Unripe,Mango_Unripe_040.jpg,26.09129950691904,61.05981920364774,130.485538942792
Mango,Overripe,Mango_Overripe_046.jpg,25.153071182548796,112.31373421354765,115.8525401836969
Mango,Unripe,Mango_Unripe_011.jpg,47.04520441941447,174.55905808004815,95.03322621555394
Mango,Rotten,Mango_Rotten_032.jpg,6.640985445550251,157.08968532474256,138.5746418915032
Mango,Overripe,Mango_Overripe_081.jpg,39.73529746817418,76.15222994332584,182.7646526927349
Mango,Rotten,Mango_Rotten_031.jpg,16.9989969472307,72.83576101177496,84.81473324611136
Mango,Rotten,Mango_Rotten_011.jpg,6.654417929700097,151.93729442115446,152.9660996452757
Mango,Ripe,Mango_Ripe_040.jpg,86.01449974438893,69.5691056910569,151.28687808176255
Mango,Unripe,Mango_Unripe_031.jpg,47.519605525014285,118.66253374317748,114.59895864120904
Mango,Ripe,Mango_Ripe_045.jpg,49.94723533378287,80.98009626339898,144.94509033413166
Mango,Unripe,Mango_Unripe_034.jpg,68.12267290394965,67.78420997584955,127.34224713332192
Mango,Overripe,Mango_Overripe_078.jpg,31.557998454404945,80.04104327666151,112.5941885625966
Mango,Rotten,Mango_Rotten_013.jpg,4.743651628607381,127.96145594818161,186.61093405119954
Mango,Unripe,Mango_Unripe_077.jpg,37.78405769347068,154.96834620114097,127.60000100792227
Mango,Rotten,Mango_Rotten_081.jpg,24.811694661757937,58.84218246663599,152.34356304647952
Mango,Unripe,Mango_Unripe_013.jpg,15.94620537537783,130.12057838411894,134.05651090597172
Mango,Unripe,Mango_Unripe_032.jpg,64.13530393611451,69.9677299703264,126.86474515622272
Mango,Ripe,Mango_Ripe_078.jpg,48.03836152882206,148.2952850877193,242.98044068504595
Mango,Unripe,Mango_Unripe_023.jpg,26.10236483105967,108.35680097395017,91.40942596978086
Mango,Ripe,Mango_Ripe_032.jpg,40.00939552725267,87.12775159203731,116.26712380283809
Mango,Rotten,Mango_Rotten_040.jpg,16.76121209792091,64.95757272971831,135.40646977441298
Mango,Overripe,Mango_Overripe_005.jpg,27.47691867124857,121.30426689576174,207.34905498281788
Mango,Overripe,Mango_Overripe_034.jpg,7.6485864394017185,158.60926857651367,141.60228634014445
Mango,Rotten,Mango_Rotten_046.jpg,19.11300816175468,28.952797202797203,144.0237353176072
Mango,Overripe,Mango_Overripe_011.jpg,20.622809869585637,64.5136646074925,124.82004804739714
Mango,Unripe,Mango_Unripe_074.jpg,26.309360998037896,131.65289044425572,207.06633086361907
Mango,Ripe,Mango_Ripe_019.jpg,54.826242119361055,130.56245712605755,122.3875559402868
Melon,Overripe,Melon_Overripe_042.jpg,22.390574564234992,139.30254441855897,175.0967805316193
Melon,Unripe,Melon_Unripe_070.jpg,25.26751458020027,217.67631955397425,115.79711513773246
Melon,Rotten,Melon_Rotten_005.jpg,31.66696340760335,50.13995150405263,147.32184521992744
Melon,Overripe,Melon_Overripe_013.jpg,12.343750948896243,123.68204384659764,152.89480156681748
Melon,Ripe,Melon_Ripe_001.jpg,18.65064999548614,150.37270357497516,224.74891667418976
Melon,Rotten,Melon_Rotten_009.jpg,18.388325332850286,212.85533466171543,91.796583944691
Melon,Overripe,Melon_Overripe_007.jpg,22.46555518413282,183.56867374226977,102.2744372945568
Melon,Rotten,Melon_Rotten_001.jpg,32.75564258555133,97.86866920152092,93.3438783269962
Melon,Rotten,Melon_Rotten_002.jpg,13.341622963233025,158.0752727374709,140.25785960680932
Melon,Rotten,Melon_Rotten_016.jpg,14.626455896535523,151.9497205667796,119.60766833996884
Melon,Overripe,Melon_Overripe_033.jpg,18.230668381977452,199.93025984994304,205.15824233020388
Melon,Rotten,Melon_Rotten_004.jpg,29.70596440834654,105.55491448758585,100.36523540676176
Melon,Rotten,Melon_Rotten_024.jpg,17.693407656173612,131.39129487533742,138.6570769655876
Melon,Ripe,Melon_Ripe_011.jpg,14.676574874737353,218.52652739615323,158.01064227412317
Melon,Overripe,Melon_Overripe_014.jpg,22.08809327280231,159.73334021185858,129.34988306507086
Melon,Rotten,Melon_Rotten_010.jpg,13.812239239858954,153.18906624316978,142.4458022664262
Melon,Unripe,Melon_Unripe_013.jpg,27.167146795142425,124.52325104924628,235.39935927682717
Melon,Unripe,Melon_Unripe_034.jpg,25.93521061768002,136.46496297435672,190.23681579467797
Melon,Unripe,Melon_Unripe_005.jpg,31.230148002973575,175.7554571872677,138.20584127413215
Melon,Overripe,Melon_Overripe_040.jpg,17.575484498194484,132.03099826926774,138.14887502403795
Melon,Ripe,Melon_Ripe_045.jpg,19.278153417424466,167.54584188911704,130.6007553534761
Melon,Overripe,Melon_Overripe_016.jpg,13.864968907314184,153.5641236169812,142.6764880071069
Melon,Overripe,Melon_Overripe_031.jpg,22.254476538143834,138.5655892776253,124.74331183884463
Melon,Rotten,Melon_Rotten_018.jpg,13.094639723778796,144.9254259353597,132.24780664515765
Melon,Rotten,Melon_Rotten_012.jpg,50.97433597717793,121.11324047459532,137.39951589548528
Melon,Overripe,Melon_Overripe_009.jpg,12.240646438393425,171.3464519931095,165.48686119254134
Melon,Ripe,Melon_Ripe_031.jpg,20.999748320424054,91.57275594271978,222.095401968237
Melon,Rotten,Melon_Rotten_003.jpg,33.739884227418614,168.73125859697387,65.05012035763411
Melon,Unripe,Melon_Unripe_095.jpg,21.980563887222555,132.22007198560289,159.79497300539893
Melon,Ripe,Melon_Ripe_040.jpg,17.315479609419874,112.49124066628374,209.74038899562282
Melon,Ripe,Melon_Ripe_078.jpg,23.71797801562048,109.15308070581429,146.24762076945328
Melon,Rotten,Melon_Rotten_025.jpg,21.00177335491202,61.479150167005265,199.71634069074756
Melon,Unripe,Melon_Unripe_031.jpg,30.174032357608887,140.49669370481396,217.31469317580672
Melon,Rotten,Melon_Rotten_014.jpg,13.524471590452464,155.60925821747168,140.1388866564869
Melon,Overripe,Melon_Overripe_048.jpg,21.18751929499593,204.70343942072915,109.85769414274087
Melon,Unripe,Melon_Unripe_011.jpg,44.34412677646093,150.37078651685394,154.81971807500898
Melon,Ripe,Melon_Ripe_074.jpg,20.68408118750177,158.00244327356165,210.33722132517494
Melon,Rotten,Melon_Rotten_013.jpg,20.749299719887954,143.83302116027133,99.11914886436502
Melon,Unripe,Melon_Unripe_080.jpg,22.201136982570805,145.68755446623095,129.8710920479303
Melon,Unripe,Melon_Unripe_001.jpg,25.925270007082155,116.2616235835694,239.76633321529744
Melon,Unripe,Melon_Unripe_043.jpg,26.741006600660064,101.83150783828383,147.45930280528052
Melon,Overripe,Melon_Overripe_046.jpg,22.108302929644957,157.92767098671314,130.88088787845786
Melon,Unripe,Melon_Unripe_023.jpg,33.58687209550553,154.6516864541767,95.59205707998753
Melon,Rotten,Melon_Rotten_026.jpg,13.712347064166266,154.53805364107495,141.42694475610406
Melon,Ripe,Melon_Ripe_081.jpg,20.644425414496062,116.77944884512,239.8123111872309
Melon,Ripe,Melon_Ripe_046.jpg,21.496058404167808,108.79603955305731,135.88727892788594
Melon,Unripe,Melon_Unripe_019.jpg,62.88764997801369,73.54596708335951,212.81352471888937
Melon,Ripe,Melon_Ripe_091.jpg,32.9591289218983,113.24160794175268,112.73517500511711
Melon,Rotten,Melon_Rotten_006.jpg,17.64706737603929,131.90408391849394,138.53264334640073
Melon,Unripe,Melon_Unripe_081.jpg,23.837312807623835,148.65547439522464,157.99490784375328
Melon,Rotten,Melon_Rotten_022.jpg,53.2077986565199,70.34846794170814,174.96851636947935
Melon,Ripe,Melon_Ripe_077.jpg,22.4320945237707,118.78485826093033,186.41441499149798
Melon,Unripe,Melon_Unripe_065.jpg,30.14430131556755,78.9694246500253,200.69634424017542
Melon,Ripe,Melon_Ripe_032.jpg,32.51890988010104,157.30905112605402,98.15049631764329
Melon,Unripe,Melon_Unripe_074.jpg,23.889698492462312,139.70703517587938,138.3188238489746
Melon,Overripe,Melon_Overripe_004.jpg,22.17979026196529,146.45320962750083,118.96163092737925
Melon,Ripe,Melon_Ripe_084.jpg,20.79912589877344,159.88466798251798,188.1168616946285
Melon,Rotten,Melon_Rotten_027.jpg,13.795079772994967,153.36715654781025,142.4511256558518
Melon,Ripe,Melon_Ripe_005.jpg,18.203511628923668,140.67393656553293,196.74894530908455
Melon,Ripe,Melon_Ripe_071.jpg,34.69844650690643,75.99716310771127,201.20127433564153
Melon,Overripe,Melon_Overripe_027.jpg,22.652494077388788,98.62313766780731,183.64878257436166
Melon,Unripe,Melon_Unripe_078.jpg,24.274523547574262,217.74465876424034,124.11286687724031
Melon,Ripe,Melon_Ripe_019.jpg,20.301107671555062,126.94339288184837,252.27578514111786
Melon,Overripe,Melon_Overripe_018.jpg,22.14218707203506,143.5778553820871,134.15333470282116
Melon,Overripe,Melon_Overripe_038.jpg,15.538686382393397,182.45775624911064,161.2413140919224
Melon,Overripe,Melon_Overripe_047.jpg,22.5666920302108,185.93379410438507,86.93472410100327
Melon,Ripe,Melon_Ripe_023.jpg,29.94326750448833,155.7609066427289,98.1656014362657
Melon,Ripe,Melon_Ripe_013.jpg,16.487577435086333,144.58885264267826,219.74283313562674
Melon,Overripe,Melon_Overripe_005.jpg,15.992471715768282,194.92721949698017,109.52272662829274
Melon,Unripe,Melon_Unripe_027.jpg,27.68699378330373,130.07046625222026,247.27175399644761
Melon,Ripe,Melon_Ripe_054.jpg,27.986557171252223,128.59529631760645,203.4420703002406
Melon,Overripe,Melon_Overripe_020.jpg,19.354247185347,137.03981998823727,216.12401802218113
Melon,Rotten,Melon_Rotten_023.jpg,29.685800204592756,116.53109457123708,82.07754241772197
Melon,Unripe,Melon_Unripe_032.jpg,26.840696787095755,158.78420782569796,181.79596347656764
Melon,Overripe,Melon_Overripe_026.jpg,22.23140624223448,128.22872869141693,175.28171437801302
Melon,Unripe,Melon_Unripe_086.jpg,28.286093873778718,104.11336480063375,244.83149040577413
Melon,Overripe,Melon_Overripe_049.jpg,18.228986473304285,197.24738245431487,169.63999804903426
Melon,Ripe,Melon_Ripe_034.jpg,21.355997450605482,148.76878266411728,160.2514977692798
Melon,Unripe,Melon_Unripe_054.jpg,24.368883163395825,169.12065562986515,103.7798258597376
Melon,Rotten,Melon_Rotten_017.jpg,19.21951119578801,217.48698604879849,85.76237887448016
Orange,Rotten,Orange_Rotten_084.jpg,41.913106846653015,53.018470000347016,129.10960544123262
Orange,Rotten,Orange_Rotten_081.jpg,16.116743544378448,145.1918520156704,141.51783457601417
Orange,Ripe,Orange_Ripe_032.jpg,18.128002212156325,126.72533709048773,252.25004608659012
Orange,Overripe,Orange_Overripe_013.jpg,63.53538801325168,83.28920707425627,161.68155389351804
Orange,Unripe,Orange_Unripe_034.jpg,49.60139364591945,141.08429786228888,165.66777636707215
Orange,Ripe,Orange_Ripe_046.jpg,12.865598522072194,184.87043950942083,252.68142337602043
Orange,Rotten,Orange_Rotten_078.jpg,14.506245594126648,140.10091384260932,234.0610159729028
Orange,Unripe,Orange_Unripe_040.jpg,51.79916327124563,124.97564755529686,173.66607974388825
Orange,Ripe,Orange_Ripe_040.jpg,17.65699431137219,181.59899816005807,241.60545483702165
Orange,Overripe,Orange_Overripe_034.jpg,26.952143243486884,158.0108289011088,104.0466397728297
Orange,Rotten,Orange_Rotten_031.jpg,21.61122394122215,186.2715339585449,63.460083029687596
Orange,Rotten,Orange_Rotten_077.jpg,147.1089296846278,137.2997993957897,144.6461693387254
Orange,Overripe,Orange_Overripe_019.jpg,43.58409876464187,127.1605165461179,96.77824361518275
Orange,Ripe,Orange_Ripe_081.jpg,15.170650057350157,182.71673024087065,238.64408226413082
Orange,Ripe,Orange_Ripe_071.jpg,16.20279320483502,177.7085048459109,185.3614232821518
Orange,Rotten,Orange_Rotten_005.jpg,95.2836571316997,71.05965862865698,171.2810862702984
Orange,Rotten,Orange_Rotten_013.jpg,54.85717987561792,43.66512517939722,110.05687888693988
Orange,Overripe,Orange_Overripe_045.jpg,18.511078683166005,157.61218771888863,152.5880691104366
Orange,Overripe,Orange_Overripe_081.jpg,78.15268982030568,93.90281289860586,134.31146642200193
Orange,Unripe,Orange_Unripe_001.jpg,35.03755842421545,129.2644576749017,158.88932784331183
Orange,Unripe,Orange_Unripe_071.jpg,16.425260770975058,183.45031746031745,182.56575963718822
Orange,Unripe,Orange_Unripe_091.jpg,23.134815539983514,147.12731863149216,77.77678019373454
Orange,Unripe,Orange_Unripe_077.jpg,17.516408546483568,222.2672969771421,172.78664502259466
Orange,Ripe,Orange_Ripe_023.jpg,17.60774670785238,187.255217647537,237.52962932856445
Orange,Rotten,Orange_Rotten_034.jpg,18.30876598217745,164.6221232080589,106.5866137156141
Orange,Unripe,Orange_Unripe_031.jpg,62.06503700381251,54.040293040293044,117.44268146819167
Orange,Overripe,Orange_Overripe_078.jpg,23.026014839342654,146.46796051017904,113.79652624478783
Orange,Ripe,Orange_Ripe_034.jpg,17.981532486575386,176.39253373491587,208.9801008579864
Orange,Rotten,Orange_Rotten_054.jpg,135.46625097259445,86.18343671652114,134.7078488372093
Orange,Overripe,Orange_Overripe_040.jpg,75.79040942903296,107.64316056079612,147.4163143409848
Orange,Overripe,Orange_Overripe_071.jpg,78.72542169332387,127.44536410284404,155.11881789398984
Orange,Unripe,Orange_Unripe_054.jpg,21.33010703129001,236.4328877963845,133.87425103702566
Orange,Unripe,Orange_Unripe_074.jpg,35.15068267328653,166.99656723943988,173.00452852876148
Orange,Rotten,Orange_Rotten_023.jpg,13.819627851140456,189.75973589435773,184.77513205282114
Orange,Rotten,Orange_Rotten_032.jpg,68.90247900516796,133.30524870801034,133.97668766149872
Orange,Ripe,Orange_Ripe_084.jpg,17.837929773226044,119.11275603511339,247.40463606437453
Orange,Unripe,Orange_Unripe_032.jpg,101.11747518621243,119.98246899366791,160.0057215622656
Orange,Rotten,Orange_Rotten_074.jpg,73.98600862820906,129.59904759659585,147.83399537942904
Orange,Unripe,Orange_Unripe_023.jpg,22.111325869369946,148.0618664185808,65.0029192865392
Orange,Rotten,Orange_Rotten_046.jpg,65.85515033254548,98.8615745066784,118.56670147859067
Orange,Ripe,Orange_Ripe_054.jpg,17.71852960931378,109.47349714541588,247.76681032874362
Orange,Rotten,Orange_Rotten_091.jpg,73.15146793812885,85.25111378084797,222.51775166441408
Orange,Unripe,Orange_Unripe_005.jpg,14.581804386811974,204.88820297052467,177.25616176943947
Orange,Overripe,Orange_Overripe_032.jpg,49.42374707548331,149.997875877355,112.39447112424578
Orange,Ripe,Orange_Ripe_078.jpg,14.703944147752559,179.90118491321763,236.8606753449043
Orange,Unripe,Orange_Unripe_011.jpg,23.58381980587987,197.27229568153047,141.4265807427205
Orange,Ripe,Orange_Ripe_011.jpg,17.549867417624206,170.36793664823531,211.32577236942177
Orange,Overripe,Orange_Overripe_011.jpg,49.65847573168515,159.0169969096528,143.56427013270314
Orange,Unripe,Orange_Unripe_013.jpg,25.87238827040981,131.73522708938367,215.01241327847694
Orange,Unripe,Orange_Unripe_081.jpg,82.23543037704022,53.584887505642534,93.04421966691217
Orange,Ripe,Orange_Ripe_019.jpg,16.936034524932733,182.72688000139777,225.9218078414928
Orange,Ripe,Orange_Ripe_091.jpg,19.1886696875921,148.18655596080166,235.41271091217212
Orange,Ripe,Orange_Ripe_005.jpg,14.376834931096464,204.09115274330225,233.79682016605324
Orange,Unripe,Orange_Unripe_046.jpg,57.37593666740675,138.35094499333925,169.86890819271758
Orange,Overripe,Orange_Overripe_046.jpg,20.892965770837115,120.98113764299981,129.4785273288542
Orange,Overripe,Orange_Overripe_001.jpg,39.66289008510948,135.23634247472177,138.47864988724814
Orange,Unripe,Orange_Unripe_019.jpg,17.35260686269278,134.52848337691447,112.4614573883345
Orange,Unripe,Orange_Unripe_078.jpg,20.963283658787255,231.53265673175744,131.79159815005139
Orange,Rotten,Orange_Rotten_001.jpg,27.166639029243644,108.47994498527088,230.87338808794553
Orange,Ripe,Orange_Ripe_077.jpg,18.93343605861464,191.0570533491163,225.84988162782153
Orange,Overripe,Orange_Overripe_074.jpg,75.55721740408643,133.99841369003872,105.31283379881425
Orange,Rotten,Orange_Rotten_040.jpg,28.70222243561018,123.46009645135821,207.11036425324883
Orange,Unripe,Orange_Unripe_045.jpg,16.16813718836252,184.05272385864893,183.53487398760237
Orange,Overripe,Orange_Overripe_084.jpg,23.448650309890898,176.86405777800542,107.05717615120626
Orange,Rotten,Orange_Rotten_071.jpg,23.03335114911812,71.45041154462854,202.0127792624265
Orange,Ripe,Orange_Ripe_001.jpg,20.358752775721687,159.74296817172464,217.12136843079202
Orange,Ripe,Orange_Ripe_013.jpg,12.04903529984864,170.03116790480001,239.5863576262635
Orange,Overripe,Orange_Overripe_031.jpg,64.25912682195886,113.47323252962812,128.0961551559733
Orange,Unripe,Orange_Unripe_084.jpg,47.01171722431975,149.65194961593542,175.15961463351127
Orange,Ripe,Orange_Ripe_074.jpg,14.917063372501758,205.52335542834186,222.29976398513608
Orange,Overripe,Orange_Overripe_054.jpg,76.94234930448222,65.27478748068006,145.92773699124163
Orange,Overripe,Orange_Overripe_077.jpg,71.29985893954175,73.34750309805679,127.65192343185593
Orange,Rotten,Orange_Rotten_011.jpg,75.46828328879107,136.91838285384898,136.12818346171986
Orange,Ripe,Orange_Ripe_045.jpg,13.479617752141536,162.59055249451166,238.964702337394
Orange,Rotten,Orange_Rotten_045.jpg,21.286182972978953,143.23925022683514,151.95360391262975
Orange,Overripe,Orange_Overripe_005.jpg,34.07266617010711,135.67452294814498,105.73827764772646
Orange,Rotten,Orange_Rotten_019.jpg,73.46351785086176,43.99881287372494,117.75484743228984
Orange,Overripe,Orange_Overripe_091.jpg,22.30699252284686,165.5553170866796,131.73105787870395
Orange,Ripe,Orange_Ripe_031.jpg,11.80391470020334,177.15684858944346,236.0318549971806
Orange,Overripe,Orange_Overripe_023.jpg,63.75274503350886,98.6383885830541,144.13888224030637
Peach,Rotten,Peach_Rotten_032.jpg,107.10712224724958,39.26516223310188,169.95221430034067
Peach,Ripe,Peach_Ripe_019.jpg,19.124351439643853,246.70978125100086,229.31751433238318
Peach,Overripe,Peach_Overripe_078.jpg,18.69677475621709,246.20415884512516,229.84016645347774
Peach,Overripe,Peach_Overripe_032.jpg,19.246647156014905,240.0347280812768,228.45003691204388
Peach,Ripe,Peach_Ripe_013.jpg,62.23426015611646,44.21978804626517,181.87317674206597
Peach,Rotten,Peach_Rotten_077.jpg,19.2693082147367,222.29604365038736,160.65520374731238
Peach,Overripe,Peach_Overripe_054.jpg,18.807989690721648,238.7763612251026,226.45055549994996
Peach,Overripe,Peach_Overripe_001.jpg,20.522962531883806,184.35488843763156,217.06185458507713
Peach,Unripe,Peach_Unripe_040.jpg,18.846738531812882,246.26175570169755,231.10007127121938
Peach,Unripe,Peach_Unripe_054.jpg,23.23658487765008,187.5537438908442,217.591624826942
Peach,Overripe,Peach_Overripe_046.jpg,18.84029799836941,238.25480857223673,226.33601354386784
Peach,Rotten,Peach_Rotten_071.jpg,16.5486600656514,161.9606360652209,195.38648226874025
Peach,Overripe,Peach_Overripe_040.jpg,19.103879247749056,243.1258713331397,232.01382787539936
Peach,Ripe,Peach_Ripe_078.jpg,20.357928553275304,246.640534659127,225.17142528114874
Peach,Rotten,Peach_Rotten_040.jpg,19.04656418757263,224.78781871624855,169.88856039373846
Peach,Rotten,Peach_Rotten_084.jpg,80.22275278975833,56.61931494032542,168.19452431482623
Peach,Unripe,Peach_Unripe_013.jpg,14.528742636603697,238.82010461100955,121.4056469632338
Peach,Ripe,Peach_Ripe_032.jpg,20.576551011418697,243.42419442279675,228.38834157828754
Peach,Unripe,Peach_Unripe_034.jpg,18.997860013995346,246.9587259353285,230.64785838662957
Peach,Rotten,Peach_Rotten_023.jpg,21.148510572478802,220.88965316446482,173.1029861338574
Peach,Ripe,Peach_Ripe_081.jpg,33.87903752394219,125.61728408497301,163.2389104126763
Peach,Unripe,Peach_Unripe_031.jpg,18.70011430990686,240.67386113463166,182.34224809483487
Peach,Ripe,Peach_Ripe_011.jpg,18.113340833140324,250.20225490520465,166.12659233034444
Peach,Ripe,Peach_Ripe_077.jpg,18.30942001059781,248.0676413443165,149.69925092730864
Peach,Unripe,Peach_Unripe_019.jpg,87.35153928076085,35.66823731919953,168.84898206855559
Peach,Ripe,Peach_Ripe_031.jpg,18.088729292663686,250.10545539705495,162.6562664343939
Peach,Rotten,Peach_Rotten_011.jpg,45.802209759772325,75.91560642839207,205.43191805474177
Peach,Overripe,Peach_Overripe_045.jpg,19.4000053042894,226.5274496976555,207.92162028360266
Peach,Rotten,Peach_Rotten_046.jpg,20.229594592240282,218.32951358037596,164.17853534033694
Peach,Ripe,Peach_Ripe_005.jpg,17.66000195701099,251.321508366222,194.4808498320232
Peach,Unripe,Peach_Unripe_077.jpg,22.139004560777316,200.76749950426333,250.8032627734814
Peach,Rotten,Peach_Rotten_031.jpg,111.16696568221548,38.80696016192842,170.3959655902107
Peach,Ripe,Peach_Ripe_074.jpg,20.044624918988983,247.42791234607907,229.96387718729747
Peach,Unripe,Peach_Unripe_001.jpg,19.06239717410239,246.23984644665956,230.2929610632601
Peach,Rotten,Peach_Rotten_045.jpg,26.76563575854946,91.60425034427358,173.39351904980492
Peach,Overripe,Peach_Overripe_074.jpg,21.444830964399575,195.40995284272051,246.10537742428266
Peach,Unripe,Peach_Unripe_023.jpg,41.65295849883577,117.97411313518695,159.37519974432726
Peach,Unripe,Peach_Unripe_078.jpg,18.31403077812297,168.3899284733762,170.62874792283793
Peach,Overripe,Peach_Overripe_011.jpg,15.99913304820252,243.96952045180575,182.84637614148653
Peach,Unripe,Peach_Unripe_046.jpg,68.07966626409703,41.68661229141506,154.36085832383608
Peach,Rotten,Peach_Rotten_091.jpg,104.61252135260732,48.85473798284444,119.00738386936796
Peach,Unripe,Peach_Unripe_071.jpg,18.212961828319344,161.89819863978923,164.80618528276455
Peach,Rotten,Peach_Rotten_054.jpg,102.04397200851203,42.12107648551318,169.0432302750041
Peach,Rotten,Peach_Rotten_013.jpg,22.925676642636088,209.81555786121893,207.80695783617466
Peach,Unripe,Peach_Unripe_045.jpg,19.10852327817127,246.89548240784868,231.0785525299502
Peach,Overripe,Peach_Overripe_013.jpg,16.122178934972332,245.98605801029214,207.53019890625757
Peach,Unripe,Peach_Unripe_005.jpg,15.059685475051822,250.1149803319895,187.6155924070054
Peach,Rotten,Peach_Rotten_081.jpg,21.60861540604541,214.68800059200447,211.96578127176488
Peach,Overripe,Peach_Overripe_091.jpg,19.10874287719533,236.9650209715422,224.5063499490333
Peach,Unripe,Peach_Unripe_011.jpg,40.045397833159605,59.76155279699296,221.4889999684134
Peach,Overripe,Peach_Overripe_081.jpg,18.697216408539138,245.32309334449562,229.85697781498536
Peach,Rotten,Peach_Rotten_034.jpg,17.874062689410337,228.37742661702313,156.40735128582563
Peach,Unripe,Peach_Unripe_032.jpg,20.460600764866307,243.39119463339708,224.5809574934955
Peach,Overripe,Peach_Overripe_019.jpg,18.915334465704152,237.97884714659207,225.69997585385755
Peach,Overripe,Peach_Overripe_071.jpg,18.624552015928323,224.1232163597146,212.63018914883025
Peach,Unripe,Peach_Unripe_081.jpg,22.497228125669285,148.87837938022042,247.29491424899916
Peach,Overripe,Peach_Overripe_031.jpg,18.696553930068518,244.60517078837057,229.9039031329439
Peach,Ripe,Peach_Ripe_001.jpg,18.90765945655186,218.0709791520644,225.7002966633523
Peach,Rotten,Peach_Rotten_005.jpg,18.03397808969531,177.90405682985278,145.24496462398722
Peach,Overripe,Peach_Overripe_077.jpg,20.953244923734577,163.21048285242398,195.11147746041
Peach,Overripe,Peach_Overripe_084.jpg,18.243356695620403,240.17056268788096,224.32634817558252
Peach,Rotten,Peach_Rotten_078.jpg,117.40447360788863,50.74792452146172,149.94178690545243
Peach,Rotten,Peach_Rotten_001.jpg,28.715513536742588,111.48985157515455,198.54921324914878
Peach,Ripe,Peach_Ripe_046.jpg,20.017910582001928,243.13074602214192,227.44529525273504
Peach,Ripe,Peach_Ripe_091.jpg,64.58340319988821,37.87062460700063,202.20525047159924
Peach,Overripe,Peach_Overripe_034.jpg,18.749529877936165,245.22327859769305,230.10496734330664
Peach,Unripe,Peach_Unripe_074.jpg,19.774112909656328,221.03586635834463,243.45124391994258
Peach,Rotten,Peach_Rotten_019.jpg,25.611213570959023,161.15198396756995,235.4621968811628
Peach,Overripe,Peach_Overripe_023.jpg,22.03207079060536,191.07980069467416,250.00561528283163
Peach,Ripe,Peach_Ripe_034.jpg,22.997370327213176,194.24253613831763,249.90860706075017
Peach,Rotten,Peach_Rotten_074.jpg,23.766175656559444,110.61337566886033,214.3615228488837
Peach,Overripe,Peach_Overripe_005.jpg,19.4022612927923,240.619403733275,230.36393962594335
Peach,Ripe,Peach_Ripe_040.jpg,19.11876801152738,246.45471101504964,229.37417146974065
Peach,Ripe,Peach_Ripe_054.jpg,16.376158956814916,251.4087089097129,209.36471813178642
Peach,Ripe,Peach_Ripe_045.jpg,20.272231022487265,243.10788607280406,224.28830833022735
Peach,Unripe,Peach_Unripe_084.jpg,22.191241067331017,191.40550629384384,250.14018143971677
Peach,Ripe,Peach_Ripe_023.jpg,37.66063289490819,108.03288188566219,184.11274254460216
Peach,Ripe,Peach_Ripe_071.jpg,20.55298538107753,238.05617197766097,241.96913600525625
Peach,Ripe,Peach_Ripe_084.jpg,43.572343351755116,43.63425820778762,164.7420634920635
Peach,Unripe,Peach_Unripe_091.jpg,19.17160083194401,247.31101748072828,231.67909905746026
Pear,Rotten,Pear_Rotten_034.jpg,21.77966668897664,128.8116926577873,79.26686634094104
Pear,Overripe,Pear_Overripe_019.jpg,27.461147078619273,166.86675106567097,224.74830934905933
Pear,Ripe,Pear_Ripe_026.jpg,49.94914812963426,143.5711280513205,148.142464383904
Pear,Rotten,Pear_Rotten_081.jpg,13.52119979478159,161.88696496628555,181.87834396071534
Pear,Rotten,Pear_Rotten_011.jpg,20.860297967834434,165.2836491709263,195.5646989153472
Pear,Rotten,Pear_Rotten_023.jpg,17.704482667894496,162.14092613300008,198.46086298756825
Pear,Rotten,Pear_Rotten_074.jpg,17.949369914032804,220.24513405270272,222.49184332032345
Pear,Unripe,Pear_Unripe_005.jpg,59.330105633802816,147.2301248899648,78.25852772887323
Pear,Unripe,Pear_Unripe_081.jpg,43.6633318537235,189.15914911052687,144.2378017550449
Pear,Unripe,Pear_Unripe_054.jpg,29.79530336175722,156.3688669137015,123.07807268181615
Pear,Overripe,Pear_Overripe_011.jpg,19.337908442527784,103.92926895007464,153.82253483164703
Pear,Ripe,Pear_Ripe_056.jpg,28.31415900131406,172.7582046649146,160.83510183968463
Pear,Ripe,Pear_Ripe_017.jpg,25.682560405300077,200.57897505845673,160.8204208885425
Pear,Unripe,Pear_Unripe_077.jpg,34.84864079684582,85.78821851006433,241.43817181987964
Pear,Overripe,Pear_Overripe_048.jpg,20.593471682330364,188.0013162426807,212.83415342223097
Pear,Overripe,Pear_Overripe_056.jpg,28.54905482993654,152.60967666118256,228.2164489809623
Pear,Unripe,Pear_Unripe_031.jpg,66.18191460973982,137.40631754503002,77.01567044696465
Pear,Rotten,Pear_Rotten_001.jpg,40.510649556819686,82.0501124487366,167.10724963619526
Pear,Ripe,Pear_Ripe_050.jpg,55.92990938598864,76.63839768731404,164.25379530700567
Pear,Overripe,Pear_Overripe_005.jpg,20.54136458047576,120.48873790022338,200.59020946819768
Pear,Overripe,Pear_Overripe_050.jpg,23.70735382760699,138.16664155113523,244.8668374522805
Pear,Overripe,Pear_Overripe_077.jpg,18.764605505978714,187.42117703567004,216.9052948909169
Pear,Ripe,Pear_Ripe_013.jpg,38.170001367080694,189.3395974923834,143.87076204983987
Pear,Ripe,Pear_Ripe_055.jpg,32.538772670455884,198.97330841253745,187.99239994339757
Pear,Unripe,Pear_Unripe_040.jpg,37.687345220406144,66.96156159343381,192.47155593292294
Pear,Overripe,Pear_Overripe_001.jpg,27.470686441994097,153.90167339649014,163.45560257804007
Pear,Unripe,Pear_Unripe_071.jpg,39.16431722867324,92.04483527672056,182.7283035562774
Pear,Unripe,Pear_Unripe_045.jpg,23.600230019715976,109.01768008686459,211.15533474297797
Pear,Unripe,Pear_Unripe_074.jpg,31.855215510737818,229.16532967861994,190.2959814917266
Pear,Unripe,Pear_Unripe_013.jpg,24.03010562503114,160.19680135518908,171.75437197947286
Pear,Overripe,Pear_Overripe_036.jpg,18.53871497096693,193.16931961625852,185.79363797020955
Pear,Unripe,Pear_Unripe_032.jpg,30.105784582960787,195.78494220206923,180.76139194022224
Pear,Overripe,Pear_Overripe_071.jpg,18.72604394774598,187.43375745676963,217.56410304815122
Pear,Unripe,Pear_Unripe_019.jpg,46.61266882220201,111.72744265939174,147.323801825469
Pear,Ripe,Pear_Ripe_042.jpg,45.38456382503352,115.94727173427337,102.24890149446402
Pear,Rotten,Pear_Rotten_071.jpg,12.376992895264642,157.89822211646327,190.3964204371622
Pear,Ripe,Pear_Ripe_066.jpg,35.16726006191951,137.46979704162368,123.13851049191607
Pear,Rotten,Pear_Rotten_019.jpg,22.175239885250768,238.8317176113694,112.67747386817028
Pear,Rotten,Pear_Rotten_032.jpg,19.58095561267219,66.31613336413781,194.2870447916366
Pear,Ripe,Pear_Ripe_005.jpg,57.56111035791757,112.80115238611714,117.53801518438178
Pear,Ripe,Pear_Ripe_010.jpg,27.47201632758844,169.1536283529869,217.7595503433977
Pear,Unripe,Pear_Unripe_023.jpg,40.96788012371574,114.15132958868072,160.82288741156813
Pear,Rotten,Pear_Rotten_077.jpg,27.486755098789036,132.90529397705544,61.39615200764818
Pear,Ripe,Pear_Ripe_047.jpg,60.5523547711452,80.57332286083903,139.18306074046694
Pear,Ripe,Pear_Ripe_029.jpg,30.723474237692873,164.77286347354885,163.06321753306392
Pear,Rotten,Pear_Rotten_013.jpg,25.373795278744335,149.46844569053997,183.31002328084713
Pear,Rotten,Pear_Rotten_031.jpg,23.12190998780623,235.90095333111628,178.50745482762443
Pear,Rotten,Pear_Rotten_005.jpg,13.12820631625769,157.39603565868487,178.82798020609386
Pear,Ripe,Pear_Ripe_048.jpg,37.84985914513268,148.1989009842451,202.60127638855076
Pear,Rotten,Pear_Rotten_091.jpg,24.697678242567747,128.2667390160484,101.00099754450584
Pear,Ripe,Pear_Ripe_032.jpg,59.19128139474668,98.78185505912138,130.1108705658966
Pear,Unripe,Pear_Unripe_011.jpg,31.65453997454846,179.5853519680293,145.68984282556764
Pear,Ripe,Pear_Ripe_006.jpg,26.64542862825698,192.0928943181065,176.41504508386924
Pear,Overripe,Pear_Overripe_082.jpg,20.405190730309318,186.9682836742761,214.24090819250915
Pear,Rotten,Pear_Rotten_084.jpg,26.335122561167935,73.3430022980219,157.6855821655477
Pear,Rotten,Pear_Rotten_040.jpg,23.58431829035339,89.74262774594078,191.837094078319
Pear,Overripe,Pear_Overripe_074.jpg,30.744991891634076,75.48633501860155,180.94727177334732
Pear,Ripe,Pear_Ripe_062.jpg,23.030719186184054,207.18066004258338,89.90774781168678
Pear,Overripe,Pear_Overripe_059.jpg,18.91565610713012,161.71708926429105,169.0359018838559
Pear,Overripe,Pear_Overripe_055.jpg,18.11423721621048,123.75144281773817,171.86439635051983
Pear,Overripe,Pear_Overripe_043.jpg,62.0584395503926,30.095534849951598,218.0230517909003
Pear,Rotten,Pear_Rotten_078.jpg,37.06249510072901,77.65903033628597,113.25372344595124
Pear,Overripe,Pear_Overripe_013.jpg,23.257800299053,163.80446087389933,169.42592623359363
Pear,Rotten,Pear_Rotten_045.jpg,27.10810810810811,126.33803355079218,217.56041006523765
Pear,Unripe,Pear_Unripe_001.jpg,27.662115407169946,113.3866159740412,197.29772469603972
Pear,Ripe,Pear_Ripe_008.jpg,58.82288835971425,143.88750525283652,65.8107788205631
Pear,Overripe,Pear_Overripe_066.jpg,23.18313765618268,69.31482927617407,194.8433595433003
Pear,Ripe,Pear_Ripe_043.jpg,27.9840084826452,168.7974660261404,137.20449233965203
Pear,Unripe,Pear_Unripe_034.jpg,24.209708910188144,176.9900930441119,130.33700932309475
Pear,Unripe,Pear_Unripe_084.jpg,39.40601654681282,110.88513230468477,126.57798209174055
Pear,Unripe,Pear_Unripe_078.jpg,56.154160133403025,103.89478956668907,109.69283705418253
Pear,Ripe,Pear_Ripe_001.jpg,35.56652793630467,129.21569555413268,201.15133904958103
Pear,Unripe,Pear_Unripe_091.jpg,24.482854209445584,121.87985112936344,173.95103952772075
Pear,Ripe,Pear_Ripe_059.jpg,26.185451102607598,167.6965560771628,202.43990887214485
Pear,Unripe,Pear_Unripe_046.jpg,26.59824767514975,191.1311927060926,173.23639011152662
Pear,Rotten,Pear_Rotten_054.jpg,19.92512086186164,187.477612947557,151.09022307295885
Pear,Rotten,Pear_Rotten_046.jpg,32.60137383900929,81.98308823529412,117.11170665634675
