mean_fit_time,std_fit_time,mean_score_time,std_score_time,param_classifier__n_estimators,param_classifier__min_samples_split,param_classifier__min_samples_leaf,param_classifier__max_features,param_classifier__max_depth,param_classifier__bootstrap,params,split0_test_score,split1_test_score,split2_test_score,split3_test_score,split4_test_score,mean_test_score,std_test_score,rank_test_score,split0_train_score,split1_train_score,split2_train_score,split3_train_score,split4_train_score,mean_train_score,std_train_score
1.7437335968017578,0.19366410995353991,0.6242066383361816,0.4962943956501179,300,6,2,sqrt,20,False,"{'classifier__n_estimators': 300, 'classifier__min_samples_split': 6, 'classifier__min_samples_leaf': 2, 'classifier__max_features': 'sqrt', 'classifier__max_depth': 20, 'classifier__bootstrap': False}",0.7383701223467738,0.8170477125152764,0.7860296787920278,0.7589453624531305,0.7821043013350932,0.7764994354884603,0.02656461115549727,1,1.0,1.0,1.0,1.0,1.0,1.0,0.0
2.0420906066894533,0.12918293216920607,1.365457820892334,1.0762356840898746,300,2,2,sqrt,25,False,"{'classifier__n_estimators': 300, 'classifier__min_samples_split': 2, 'classifier__min_samples_leaf': 2, 'classifier__max_features': 'sqrt', 'classifier__max_depth': 25, 'classifier__bootstrap': False}",0.742229815745912,0.8064724855103417,0.765110675459499,0.7484364450335943,0.7947303911970559,0.7713959625892806,0.025267237368045183,2,1.0,1.0,1.0,1.0,1.0,1.0,0.0
1.607694673538208,0.5661719181093353,0.598093843460083,0.05293048855421144,200,4,2,log2,40,False,"{'classifier__n_estimators': 200, 'classifier__min_samples_split': 4, 'classifier__min_samples_leaf': 2, 'classifier__max_features': 'log2', 'classifier__max_depth': 40, 'classifier__bootstrap': False}",0.7444173382542846,0.808561111780765,0.7756098343455767,0.7590053671693001,0.769089471076218,0.7713366245252289,0.021380740649214584,3,1.0,1.0,1.0,1.0,1.0,1.0,0.0
8.534552145004273,2.4262989314595558,5.170673513412476,0.5506851635720468,300,10,1,sqrt,40,False,"{'classifier__n_estimators': 300, 'classifier__min_samples_split': 10, 'classifier__min_samples_leaf': 1, 'classifier__max_features': 'sqrt', 'classifier__max_depth': 40, 'classifier__bootstrap': False}",0.7465007914414649,0.8150052915544813,0.7694226416449716,0.742232086210807,0.7758520344142827,0.7698025690532015,0.026012038987929233,4,1.0,0.9994756227443851,0.9994756227443851,0.9994756227443851,1.0,0.999685373646631,0.00025689134179551683
2.3841966152191163,0.560070951761466,3.4279892444610596,0.10315750002788637,300,10,1,sqrt,,False,"{'classifier__n_estimators': 300, 'classifier__min_samples_split': 10, 'classifier__min_samples_leaf': 1, 'classifier__max_features': 'sqrt', 'classifier__max_depth': None, 'classifier__bootstrap': False}",0.7465007914414649,0.8150052915544813,0.7694226416449716,0.742232086210807,0.7758520344142827,0.7698025690532015,0.026012038987929233,4,1.0,0.9994756227443851,0.9994756227443851,0.9994756227443851,1.0,0.999685373646631,0.00025689134179551683
16.927904844284058,0.9711872803932656,2.4055158615112306,1.0300780108350127,900,2,1,0.5,20,True,"{'classifier__n_estimators': 900, 'classifier__min_samples_split': 2, 'classifier__min_samples_leaf': 1, 'classifier__max_features': 0.5, 'classifier__max_depth': 20, 'classifier__bootstrap': True}",0.7507993159917923,0.8216062812696049,0.7525248193072518,0.7350033196430225,0.7715382567747934,0.766294398597293,0.029985773074042127,6,1.0,1.0,1.0,1.0,1.0,1.0,0.0
5.894908618927002,2.1579601477325,4.462806940078735,0.262656831868807,200,10,3,sqrt,,False,"{'classifier__n_estimators': 200, 'classifier__min_samples_split': 10, 'classifier__min_samples_leaf': 3, 'classifier__max_features': 'sqrt', 'classifier__max_depth': None, 'classifier__bootstrap': False}",0.7467011243082822,0.8090817357516313,0.7671456759258548,0.7462103269930854,0.7589591266887247,0.7656195979335157,0.02310963720057048,7,0.9958039241874435,0.9963293501558623,0.9963272648544387,0.9979019094836675,0.9979035882165865,0.9968532073795998,0.000878078943348675
7.033823776245117,0.9449384957959598,2.0374279022216797,1.2217818507990743,700,6,3,log2,,False,"{'classifier__n_estimators': 700, 'classifier__min_samples_split': 6, 'classifier__min_samples_leaf': 3, 'classifier__max_features': 'log2', 'classifier__max_depth': None, 'classifier__bootstrap': False}",0.7445947563088463,0.800595894483576,0.7629548773903814,0.7461250672105286,0.7677592016177296,0.7644059594022125,0.02024715318697848,8,1.0,0.9994756227443851,1.0,1.0,1.0,0.9998951245488771,0.0002097509022459754
5.250048112869263,0.349096789530985,3.221656084060669,1.0859469129090373,200,10,2,sqrt,25,False,"{'classifier__n_estimators': 200, 'classifier__min_samples_split': 10, 'classifier__min_samples_leaf': 2, 'classifier__max_features': 'sqrt', 'classifier__max_depth': 25, 'classifier__bootstrap': False}",0.7423227021079177,0.8004919336095303,0.7650918650057799,0.7422214639630998,0.7714784117788696,0.7643212752930394,0.021598489841794927,9,0.9984268600417395,0.998427945579082,0.9973781604765342,0.9994756227443851,0.9989517732207123,0.9985320724124905,0.0006956810754329282
8.091231632232667,0.27034456128134193,1.03513560295105,0.06556445689112628,400,8,4,sqrt,25,False,"{'classifier__n_estimators': 400, 'classifier__min_samples_split': 8, 'classifier__min_samples_leaf': 4, 'classifier__max_features': 'sqrt', 'classifier__max_depth': 25, 'classifier__bootstrap': False}",0.742461320648168,0.8091232941563785,0.7630352155595412,0.7359323203305188,0.7676044649823153,0.7636313231353844,0.02569460795359788,10,0.9963277920279507,0.9968525247447906,0.9963293321491404,0.9989517712507991,0.9984276741653311,0.9973778188676024,0.00110066679144783
22.284340047836302,0.1398278376422329,1.1224270820617677,0.265515237464575,900,4,1,0.5,20,False,"{'classifier__n_estimators': 900, 'classifier__min_samples_split': 4, 'classifier__min_samples_leaf': 1, 'classifier__max_features': 0.5, 'classifier__max_depth': 20, 'classifier__bootstrap': False}",0.7442612537682421,0.796349099112378,0.740059197986404,0.7606302209498198,0.7753879440613571,0.7633375431756402,0.02072723210083449,11,1.0,1.0,1.0,1.0,1.0,1.0,0.0
5.090913724899292,1.2426903246664804,3.5028478145599364,1.4681848820190901,700,6,4,sqrt,15,False,"{'classifier__n_estimators': 700, 'classifier__min_samples_split': 6, 'classifier__min_samples_leaf': 4, 'classifier__max_features': 'sqrt', 'classifier__max_depth': 15, 'classifier__bootstrap': False}",0.7423407570878122,0.8130785858043618,0.7482555835750148,0.7400068533618629,0.7696438472212127,0.7626651254100528,0.027292239493488652,12,0.9958024228682724,0.9952766818631171,0.9958028828243459,0.9968532384699818,0.9973784644306047,0.9962227380912644,0.0007721657616939528
5.189827156066895,0.3950051467316355,4.359065961837769,0.16017382096238886,200,2,3,log2,40,False,"{'classifier__n_estimators': 200, 'classifier__min_samples_split': 2, 'classifier__min_samples_leaf': 3, 'classifier__max_features': 'log2', 'classifier__max_depth': 40, 'classifier__bootstrap': False}",0.7403186661347857,0.7985296008168673,0.7650393550102318,0.7378866541766862,0.7695336812602824,0.7622615914797707,0.022143158322640404,13,1.0,0.9994756227443851,0.9989512564771247,1.0,1.0,0.9996853758443021,0.0004194979585732517
6.541076421737671,0.5273047954763886,2.709321928024292,0.8184163371351307,900,2,1,log2,40,True,"{'classifier__n_estimators': 900, 'classifier__min_samples_split': 2, 'classifier__min_samples_leaf': 1, 'classifier__max_features': 'log2', 'classifier__max_depth': 40, 'classifier__bootstrap': True}",0.7362382184038753,0.7924485854266982,0.7569459712880873,0.7548931051833149,0.767180728007511,0.7615413216618973,0.01839904844957052,14,1.0,1.0,1.0,1.0,1.0,1.0,0.0
3.667068338394165,1.1796759117338267,1.0033523559570312,0.49629145701048377,400,2,1,log2,15,True,"{'classifier__n_estimators': 400, 'classifier__min_samples_split': 2, 'classifier__min_samples_leaf': 1, 'classifier__max_features': 'log2', 'classifier__max_depth': 15, 'classifier__bootstrap': True}",0.7318765191273203,0.8069582047909334,0.7502843816184309,0.7421055934621061,0.7702082310196806,0.7602865860036943,0.02651189741352558,15,1.0,1.0,1.0,1.0,1.0,1.0,0.0
5.50175929069519,2.259362645761785,1.6690495491027832,1.256144190272352,500,2,2,sqrt,30,True,"{'classifier__n_estimators': 500, 'classifier__min_samples_split': 2, 'classifier__min_samples_leaf': 2, 'classifier__max_features': 'sqrt', 'classifier__max_depth': 30, 'classifier__bootstrap': True}",0.7380473682475963,0.8111049195980015,0.7506710657168438,0.7377763248194728,0.7630228850051544,0.7601245126774138,0.027142630373948907,16,0.9979014295258526,0.9984268682331549,0.998426897901006,0.9994756227443851,0.9989517732207123,0.9986365183250221,0.0005351133154202329
2.8134600162506103,0.31590190544046215,0.8689144611358642,0.38540409900486683,500,4,2,sqrt,40,True,"{'classifier__n_estimators': 500, 'classifier__min_samples_split': 4, 'classifier__min_samples_leaf': 2, 'classifier__max_features': 'sqrt', 'classifier__max_depth': 40, 'classifier__bootstrap': True}",0.7380473682475963,0.8111049195980015,0.7506710657168438,0.7377763248194728,0.7630228850051544,0.7601245126774138,0.027142630373948907,16,0.9979014295258526,0.9984268682331549,0.998426897901006,0.9994756227443851,0.9989517732207123,0.9986365183250221,0.0005351133154202329
7.35971097946167,3.695867735146531,1.3057570934295655,0.5107243166315019,200,4,1,,20,True,"{'classifier__n_estimators': 200, 'classifier__min_samples_split': 4, 'classifier__min_samples_leaf': 1, 'classifier__max_features': None, 'classifier__max_depth': 20, 'classifier__bootstrap': True}",0.732230763209636,0.80672727437736,0.750241551496879,0.7481891222544444,0.7590405595917076,0.7592858541860054,0.025249409251084477,18,1.0,1.0,1.0,1.0,1.0,1.0,0.0
23.003620624542236,0.22012144859342087,4.276135349273682,0.1846913192967099,700,10,2,0.5,25,False,"{'classifier__n_estimators': 700, 'classifier__min_samples_split': 10, 'classifier__min_samples_leaf': 2, 'classifier__max_features': 0.5, 'classifier__max_depth': 25, 'classifier__bootstrap': False}",0.7466693675161231,0.8045398901081111,0.7380340987889673,0.7502379091242308,0.7539853954568738,0.7586933321988611,0.023524223139733905,19,0.9994756233086665,0.9989512564771247,0.9994755978849198,1.0,0.998951771402764,0.9993708498146949,0.0003922919533215287
9.09325098991394,1.4417864100957218,1.2852170944213868,0.3620894830284735,500,8,2,0.5,40,True,"{'classifier__n_estimators': 500, 'classifier__min_samples_split': 8, 'classifier__min_samples_leaf': 2, 'classifier__max_features': 0.5, 'classifier__max_depth': 40, 'classifier__bootstrap': True}",0.7445378772502299,0.8046973770713349,0.7423003505122516,0.7333093006769612,0.7654807184380915,0.7580651247897738,0.025588760593393215,20,0.9895176164673092,0.992136200504134,0.9895027411198749,0.9931822797386959,0.9916148292403157,0.9911907334140657,0.0014620985161174493
6.233683395385742,1.8909589201310535,5.001748561859131,0.6805811913899779,500,6,1,sqrt,15,True,"{'classifier__n_estimators': 500, 'classifier__min_samples_split': 6, 'classifier__min_samples_leaf': 1, 'classifier__max_features': 'sqrt', 'classifier__max_depth': 15, 'classifier__bootstrap': True}",0.7380554782499956,0.7965069842990117,0.7485089750043584,0.7461191581451673,0.7611188441122011,0.7580618879621468,0.02059861055646757,21,0.9984258259977128,0.9973754744303952,0.997900932454433,0.9984263408790506,0.9979015273977682,0.9980060202318718,0.0003930538203818722
1.5055364131927491,0.212758927167266,0.7302680015563965,0.2673134557348497,400,4,2,log2,30,True,"{'classifier__n_estimators': 400, 'classifier__min_samples_split': 4, 'classifier__min_samples_leaf': 2, 'classifier__max_features': 'log2', 'classifier__max_depth': 30, 'classifier__bootstrap': True}",0.7465323519931037,0.8007951186046751,0.7441502003000858,0.742435080453301,0.7505716300208918,0.7568968762744115,0.02211835920767168,22,0.9989507234812061,0.9973786449522585,0.9984268571855941,0.9994756227443851,0.9989517996185874,0.9986367295964061,0.0007111155170512356
3.453802299499512,0.3822565755243408,0.47382440567016604,0.1991299566740002,700,4,1,log2,,True,"{'classifier__n_estimators': 700, 'classifier__min_samples_split': 4, 'classifier__min_samples_leaf': 1, 'classifier__max_features': 'log2', 'classifier__max_depth': None, 'classifier__bootstrap': True}",0.740224713454822,0.7858740530960914,0.7545932299542198,0.7378227005663507,0.7636930437253185,0.7564415481593605,0.017503828315584582,23,1.0,1.0,1.0,1.0,1.0,1.0,0.0
8.793563556671142,1.087447723238793,2.3874397754669188,0.14692630255208863,700,2,4,0.5,30,True,"{'classifier__n_estimators': 700, 'classifier__min_samples_split': 2, 'classifier__min_samples_leaf': 4, 'classifier__max_features': 0.5, 'classifier__max_depth': 30, 'classifier__bootstrap': True}",0.7421779858971195,0.8044952523085667,0.7445277597983422,0.7316968732989517,0.7528452633654454,0.755148626933685,0.02557897580344716,24,0.9758834552338903,0.9806232162585659,0.9795424821547942,0.9785085802456382,0.974877103264381,0.9778869674314539,0.0021765813820687537
1.6236367702484131,0.2688065937284681,0.44659924507141113,0.17206612572446456,300,4,1,log2,25,True,"{'classifier__n_estimators': 300, 'classifier__min_samples_split': 4, 'classifier__min_samples_leaf': 1, 'classifier__max_features': 'log2', 'classifier__max_depth': 25, 'classifier__bootstrap': True}",0.740193030402448,0.7963721345843214,0.7566563307323486,0.7313998822056114,0.750952492892444,0.7551147741634348,0.022391629276909405,25,1.0,1.0,1.0,1.0,1.0,1.0,0.0
8.63549017906189,2.4859258935839623,2.8042418479919435,2.018665906131176,300,4,3,0.5,15,True,"{'classifier__n_estimators': 300, 'classifier__min_samples_split': 4, 'classifier__min_samples_leaf': 3, 'classifier__max_features': 0.5, 'classifier__max_depth': 15, 'classifier__bootstrap': True}",0.7484865960413323,0.8150870447757506,0.7315862503277674,0.723243273379462,0.7552822692392993,0.7547370867527224,0.03227787105564084,26,0.987423807505017,0.9921342452968127,0.9895094343152545,0.9916088441374428,0.9889988340244121,0.9899350330557878,0.0017321682770031948
10.894083929061889,0.9958796076325261,1.5865187168121337,1.003619412365843,700,8,3,0.5,40,True,"{'classifier__n_estimators': 700, 'classifier__min_samples_split': 8, 'classifier__min_samples_leaf': 3, 'classifier__max_features': 0.5, 'classifier__max_depth': 40, 'classifier__bootstrap': True}",0.7442260563294638,0.8023930484406097,0.7444428472757425,0.7272428684539253,0.755024859933902,0.7546659360867286,0.025469720660206766,27,0.983232867609205,0.988995004350522,0.9832185527613443,0.9842724337084937,0.9848125249676304,0.9849062766794392,0.002134335971847637
8.878184843063355,0.22221094147254414,4.138924074172974,1.3069614027339334,400,4,4,0.5,15,False,"{'classifier__n_estimators': 400, 'classifier__min_samples_split': 4, 'classifier__min_samples_leaf': 4, 'classifier__max_features': 0.5, 'classifier__max_depth': 15, 'classifier__bootstrap': False}",0.7407032814295403,0.7919499304061712,0.7297234309707998,0.7502091358597067,0.759802318304041,0.7544776193940519,0.02122851240011163,28,0.9968536841003445,0.996853683914125,0.9968526613943324,0.9968529730296632,0.99738002030069,0.996958604547831,0.0002107082560505775
10.360232162475587,1.3406640899071567,2.936143684387207,1.9906535757827595,300,2,4,0.5,25,False,"{'classifier__n_estimators': 300, 'classifier__min_samples_split': 2, 'classifier__min_samples_leaf': 4, 'classifier__max_features': 0.5, 'classifier__max_depth': 25, 'classifier__bootstrap': False}",0.7342931650340763,0.7959994360446169,0.7421459638666464,0.7459810554107931,0.7475871110075136,0.7532013462727292,0.02188638628812521,29,0.9968552072190947,0.9973781163753599,0.9984273696707503,0.9973773328899425,0.9968563869706571,0.9973788826251611,0.0005738581207024403
13.187594413757324,0.5782428315669182,1.6217402935028076,1.134384411563764,900,6,4,0.5,30,True,"{'classifier__n_estimators': 900, 'classifier__min_samples_split': 6, 'classifier__min_samples_leaf': 4, 'classifier__max_features': 0.5, 'classifier__max_depth': 30, 'classifier__bootstrap': True}",0.7401792375223671,0.800314126501528,0.7423578353972788,0.7316263086883008,0.7505676078602402,0.753009023193943,0.024409035168400695,30,0.9769350512767364,0.9806286669083955,0.9795424821547942,0.9779822016680829,0.975928103843714,0.9782033011703446,0.0017035064032792536
1.5136881828308106,0.7047524857884729,1.0539114952087403,1.3754187623739227,300,10,4,log2,15,False,"{'classifier__n_estimators': 300, 'classifier__min_samples_split': 10, 'classifier__min_samples_leaf': 4, 'classifier__max_features': 'log2', 'classifier__max_depth': 15, 'classifier__bootstrap': False}",0.7279712881162242,0.8089402887927596,0.7461104725402069,0.729323824997433,0.7485739906113349,0.7521839730115918,0.029597429749994582,31,0.990566950793572,0.9926583859096121,0.9916012910937536,0.9916038480515232,0.9916113507615011,0.9916083653219925,0.0006613874534215035
20.47149500846863,2.1240549352691924,2.3235922336578367,0.8251022149306505,700,6,4,,,True,"{'classifier__n_estimators': 700, 'classifier__min_samples_split': 6, 'classifier__min_samples_leaf': 4, 'classifier__max_features': None, 'classifier__max_depth': None, 'classifier__bootstrap': True}",0.7403233190219346,0.8026032199567505,0.7317868238438607,0.7315379327449816,0.752601968086283,0.7517706527307622,0.026549571748147555,32,0.9753651824296633,0.9800953653672143,0.9784958765840471,0.9758796219387994,0.9764498579218808,0.977257180848321,0.0017730626250616944
15.658772611618042,0.8079283933294251,2.1722563743591308,2.0218113156443813,500,8,4,,25,True,"{'classifier__n_estimators': 500, 'classifier__min_samples_split': 8, 'classifier__min_samples_leaf': 4, 'classifier__max_features': None, 'classifier__max_depth': 25, 'classifier__bootstrap': True}",0.7340919130421371,0.8067215457268981,0.7232866127037517,0.7377675027663351,0.746585007820463,0.749690516411917,0.0294782065290558,33,0.9753623252652389,0.9800953653672143,0.979541305533799,0.9774510453588358,0.9769674196662967,0.9778834922382769,0.001733390309649593
2.1515573978424074,1.0252815827065738,0.5697899341583252,0.1716876658077591,400,8,2,sqrt,10,False,"{'classifier__n_estimators': 400, 'classifier__min_samples_split': 8, 'classifier__min_samples_leaf': 2, 'classifier__max_features': 'sqrt', 'classifier__max_depth': 10, 'classifier__bootstrap': False}",0.7340849966821111,0.8025971371289191,0.7362279001645906,0.7151498393481256,0.7593038794819718,0.7494727505611436,0.030030393968997,34,0.9774643531406183,0.9805861084107902,0.9733179177229633,0.9727382371804406,0.9759055609065502,0.9760024354722725,0.0028642022132719393
17.120840787887573,0.25962042804769,1.242577075958252,0.3362183621096685,500,4,4,,20,True,"{'classifier__n_estimators': 500, 'classifier__min_samples_split': 4, 'classifier__min_samples_leaf': 4, 'classifier__max_features': None, 'classifier__max_depth': 20, 'classifier__bootstrap': True}",0.7340919130421371,0.8067215457268981,0.7232866127037517,0.7377675027663351,0.7444858689520727,0.7492706886382389,0.029534339998111527,35,0.9753623252652389,0.9800953653672143,0.979541305533799,0.9774510453588358,0.9769674196662967,0.9778834922382769,0.001733390309649593
3.006161594390869,0.23338719769616778,2.1337910175323485,1.1273255622610452,700,10,3,sqrt,20,True,"{'classifier__n_estimators': 700, 'classifier__min_samples_split': 10, 'classifier__min_samples_leaf': 3, 'classifier__max_features': 'sqrt', 'classifier__max_depth': 20, 'classifier__bootstrap': True}",0.739968810422345,0.7965899681770936,0.7360418823236505,0.7150656649653035,0.7501574719447665,0.7475647595666318,0.027043888514932612,36,0.9716790805424376,0.9779852559135991,0.9737750828170181,0.9737679070113947,0.9727554618199152,0.9739925576208728,0.002141120503688756
0.9364814281463623,0.3692934155121719,1.381677770614624,1.163223843353046,200,10,1,sqrt,40,True,"{'classifier__n_estimators': 200, 'classifier__min_samples_split': 10, 'classifier__min_samples_leaf': 1, 'classifier__max_features': 'sqrt', 'classifier__max_depth': 40, 'classifier__bootstrap': True}",0.7295239201576426,0.7921730514038036,0.7379438060248965,0.7297050439690825,0.7463765682780878,0.7471444779667026,0.023355651953695378,37,0.9905561481621113,0.9916103723323938,0.9916073248441273,0.992649296722446,0.9937065137135599,0.9920259311549277,0.0010696845134473961
6.417578315734863,0.313170346427187,1.0929272174835205,0.2524980014978009,300,4,2,0.5,10,False,"{'classifier__n_estimators': 300, 'classifier__min_samples_split': 4, 'classifier__min_samples_leaf': 2, 'classifier__max_features': 0.5, 'classifier__max_depth': 10, 'classifier__bootstrap': False}",0.732032580739424,0.8064264884731464,0.721539536901194,0.7362160686252407,0.7312820982473276,0.7454993545972666,0.03084105147706535,38,0.9821875179144911,0.9800829238467408,0.9727903833452033,0.9785105525584548,0.9748960245074001,0.9776934804344579,0.0034187582622568057
4.2661961078643795,0.20050888332199523,1.8638740062713623,0.42433596354467185,500,4,3,log2,,True,"{'classifier__n_estimators': 500, 'classifier__min_samples_split': 4, 'classifier__min_samples_leaf': 3, 'classifier__max_features': 'log2', 'classifier__max_depth': None, 'classifier__bootstrap': True}",0.7275324939534096,0.7966905804105634,0.7340239206491015,0.727267052089884,0.7380131136036528,0.7447054321413222,0.02630720190581786,39,0.9889899074178232,0.9910830610736564,0.9863634199968674,0.9900360232124906,0.9900382607120328,0.9893021344825741,0.0016115646176858727
4.960478830337524,0.6542048381252347,0.8260672569274903,0.6610946675465593,200,10,4,,,True,"{'classifier__n_estimators': 200, 'classifier__min_samples_split': 10, 'classifier__min_samples_leaf': 4, 'classifier__max_features': None, 'classifier__max_depth': None, 'classifier__bootstrap': True}",0.7321017687052559,0.7982553446271055,0.7191367228438508,0.7274421853807279,0.7423653415409546,0.7438602726195789,0.02821392774511345,40,0.9685420685173417,0.973806586369401,0.96645042064944,0.9706432280170922,0.9685843766864881,0.9696053360479526,0.002484113968168938
13.564702653884888,3.527167419375816,2.8564046382904054,1.9583207520977328,400,8,1,,10,True,"{'classifier__n_estimators': 400, 'classifier__min_samples_split': 8, 'classifier__min_samples_leaf': 1, 'classifier__max_features': None, 'classifier__max_depth': 10, 'classifier__bootstrap': True}",0.7301693633089585,0.8150259911430523,0.7150668445458058,0.7231201330422848,0.7257638367234595,0.7418292337527123,0.03692714659539186,41,0.9701129484929373,0.9717113329957504,0.9551129249259611,0.9633476024254103,0.9669957190458981,0.9654561055771914,0.005909511606857262
9.027709722518921,0.4216125777208278,4.849715709686279,0.18482230920139237,300,8,2,0.5,10,True,"{'classifier__n_estimators': 300, 'classifier__min_samples_split': 8, 'classifier__min_samples_leaf': 2, 'classifier__max_features': 0.5, 'classifier__max_depth': 10, 'classifier__bootstrap': True}",0.7320347026434975,0.7835328187169488,0.7216281679279126,0.7192465276725203,0.7488168042182394,0.7410518042358236,0.02366004087326545,42,0.9611906208308788,0.9685918241113132,0.9576410519487603,0.9575622843907684,0.9575763664443323,0.9605124295452105,0.004273293629994054
5.987451553344727,0.2985158353002861,4.7442680358886715,0.3076873350903499,400,2,4,log2,40,True,"{'classifier__n_estimators': 400, 'classifier__min_samples_split': 2, 'classifier__min_samples_leaf': 4, 'classifier__max_features': 'log2', 'classifier__max_depth': 40, 'classifier__bootstrap': True}",0.7212916689718878,0.7902350647506488,0.7275212169882229,0.7109247026108285,0.7361092661600146,0.7372163838963205,0.0277526630824264,43,0.9706177240671686,0.977988485764345,0.9732636935838982,0.9727013922900921,0.9737902591887285,0.9736723109788465,0.0024117806299831053
2.470256805419922,0.27678436128055495,0.29514617919921876,0.18653999267713456,700,6,2,log2,10,True,"{'classifier__n_estimators': 700, 'classifier__min_samples_split': 6, 'classifier__min_samples_leaf': 2, 'classifier__max_features': 'log2', 'classifier__max_depth': 10, 'classifier__bootstrap': True}",0.7215598307160612,0.7945191402768395,0.72564167999847,0.7029531819755589,0.7322147959633628,0.7353777257860584,0.031128080204523175,44,0.9611995163068561,0.9701170897907383,0.9570833255544218,0.9606368816795474,0.9596569325092263,0.9617387491681579,0.004420597363567107
5.232505369186401,1.3948291412099154,2.1542438507080077,1.718938706340821,400,6,4,log2,15,True,"{'classifier__n_estimators': 400, 'classifier__min_samples_split': 6, 'classifier__min_samples_leaf': 4, 'classifier__max_features': 'log2', 'classifier__max_depth': 15, 'classifier__bootstrap': True}",0.7152388774476691,0.7881202040747118,0.7215218131750686,0.7067177011618776,0.7318202311869337,0.7326837654092522,0.028903612955585856,45,0.9695732447488534,0.9758942964469252,0.9716919563592774,0.972191421231168,0.971671220044767,0.9722044277661983,0.0020535511456417125
16.892955827713013,0.6794890274055302,3.6461905956268312,0.6697560461756608,300,2,2,,20,False,"{'classifier__n_estimators': 300, 'classifier__min_samples_split': 2, 'classifier__min_samples_leaf': 2, 'classifier__max_features': None, 'classifier__max_depth': 20, 'classifier__bootstrap': False}",0.5833937049622704,0.6607232694328041,0.608858644343137,0.6350732212478777,0.6233596339198773,0.6222816947811933,0.02582631913010144,46,0.9523373630546402,0.9684894119670237,0.9632113615918931,0.9653607615757814,0.9628214100478922,0.9624440616474462,0.005439299521524064
41.94615001678467,1.3053508032713086,5.329013442993164,0.3681447629690568,700,8,2,,,False,"{'classifier__n_estimators': 700, 'classifier__min_samples_split': 8, 'classifier__min_samples_leaf': 2, 'classifier__max_features': None, 'classifier__max_depth': None, 'classifier__bootstrap': False}",0.5874648537837079,0.6588475168743724,0.6073708937746629,0.6330060073954138,0.6137776625902355,0.6200933868836784,0.02422804051644002,47,0.9119576204346146,0.9306615330166453,0.9213406516356893,0.9255309538494192,0.9166972935513776,0.9212376104975493,0.006541963371939352
13.730890607833862,2.316801713765786,4.38473072052002,0.8649354091198513,200,4,3,,20,False,"{'classifier__n_estimators': 200, 'classifier__min_samples_split': 4, 'classifier__min_samples_leaf': 3, 'classifier__max_features': None, 'classifier__max_depth': 20, 'classifier__bootstrap': False}",0.5930856883681603,0.6457698843150618,0.5972264515181898,0.6393082728240442,0.6218632556578986,0.619450710536671,0.021362931190277247,48,0.9229474832994029,0.9302542209710647,0.9249869475832486,0.9345613907133085,0.9270815361127877,0.9279663157359623,0.004088463596973237
28.508549690246582,0.7682167594612921,2.8207866191864013,0.9417021035072242,500,8,4,,30,False,"{'classifier__n_estimators': 500, 'classifier__min_samples_split': 8, 'classifier__min_samples_leaf': 4, 'classifier__max_features': None, 'classifier__max_depth': 30, 'classifier__bootstrap': False}",0.5763871499008983,0.6693395758300259,0.5808678332199576,0.6269171775989123,0.6064972431660411,0.612001795943167,0.033994459434245644,49,0.8851741970628314,0.9018842107958129,0.9003061975866423,0.9025203564852412,0.896385263332086,0.8972540450525228,0.006405710189199425
42.77871694564819,0.47566686808258674,4.296760320663452,0.5890211062666735,700,2,4,,25,False,"{'classifier__n_estimators': 700, 'classifier__min_samples_split': 2, 'classifier__min_samples_leaf': 4, 'classifier__max_features': None, 'classifier__max_depth': 25, 'classifier__bootstrap': False}",0.5764353001673609,0.6691982703475525,0.5808678332199576,0.6269171775989123,0.6064972431660411,0.6119831648999648,0.033936714385886003,50,0.8851741970628314,0.9018842107958129,0.9003061975866423,0.9025203564852412,0.896385263332086,0.8972540450525228,0.006405710189199425
