Image,Fruit Pixels,Blemish Pixels,Blemish Percentage
image_0.jpg,173939,69286,39.83
image_1.jpg,161847,54342,33.58
image_10.jpg,227727,81069,35.60
image_100.jpg,105774,38515,36.41
image_101.jpg,93916,39153,41.69
image_102.jpg,85238,31810,37.32
image_103.jpg,104155,39607,38.03
image_104.jpg,106862,43973,41.15
image_105.jpg,97089,39336,40.52
image_106.jpg,94758,36927,38.97
image_107.jpg,106578,44058,41.34
image_108.jpg,117815,48592,41.24
image_109.jpg,109954,43337,39.41
image_11.jpg,187439,56872,30.34
image_110.jpg,105677,39444,37.33
image_111.jpg,104327,46207,44.29
image_112.jpg,101176,37825,37.39
image_113.jpg,111960,39726,35.48
image_114.jpg,88742,38365,43.23
image_115.jpg,104263,34914,33.49
image_116.jpg,99198,27493,27.72
image_117.jpg,145311,46880,32.26
image_118.jpg,145061,48096,33.16
image_119.jpg,145203,46465,32.00
image_12.jpg,190123,43824,23.05
image_120.jpg,122617,30139,24.58
image_121.jpg,134215,45353,33.79
image_122.jpg,156239,52492,33.60
image_123.jpg,146370,49820,34.04
image_124.jpg,156644,57369,36.62
image_125.jpg,153371,50959,33.23
image_126.jpg,157540,55490,35.22
image_127.jpg,150083,57447,38.28
image_128.jpg,155238,52527,33.84
image_129.jpg,170579,55436,32.50
image_13.jpg,221846,62503,28.17
image_130.jpg,172382,83248,48.29
image_131.jpg,152407,52317,34.33
image_132.jpg,169318,62852,37.12
image_133.jpg,184284,77133,41.86
image_134.jpg,159247,62600,39.31
image_135.jpg,172185,66432,38.58
image_136.jpg,160873,55434,34.46
image_137.jpg,135445,56228,41.51
image_138.jpg,152305,49945,32.79
image_139.jpg,146533,51116,34.88
image_14.jpg,224639,80792,35.97
image_140.jpg,152665,44491,29.14
image_141.jpg,145027,51023,35.18
image_142.jpg,140142,51459,36.72
image_143.jpg,137154,64402,46.96
image_144.jpg,155124,66671,42.98
image_145.jpg,130196,49826,38.27
image_146.jpg,111699,40415,36.18
image_147.jpg,122160,47060,38.52
image_148.jpg,174855,70778,40.48
image_149.jpg,172367,66808,38.76
image_15.jpg,227861,82025,36.00
image_150.jpg,162741,70165,43.11
image_151.jpg,165717,68362,41.25
image_152.jpg,147010,60008,40.82
image_153.jpg,155633,67516,43.38
image_154.jpg,172895,70982,41.05
image_155.jpg,149195,51335,34.41
image_156.jpg,152129,46070,30.28
image_157.jpg,169644,63310,37.32
image_158.jpg,143304,51057,35.63
image_159.jpg,156687,51479,32.85
image_16.jpg,226401,72936,32.22
image_160.jpg,165530,76030,45.93
image_161.jpg,166110,59285,35.69
image_162.jpg,161120,59966,37.22
image_163.jpg,142744,61197,42.87
image_164.jpg,155707,66502,42.71
image_165.jpg,187909,77677,41.34
image_166.jpg,161966,49077,30.30
image_167.jpg,165717,54537,32.91
image_168.jpg,142863,38894,27.22
image_169.jpg,140451,49743,35.42
image_17.jpg,229625,82297,35.84
image_170.jpg,164503,60677,36.89
image_171.jpg,176728,67957,38.45
image_172.jpg,160371,54761,34.15
image_173.jpg,148889,60329,40.52
image_174.jpg,170566,65184,38.22
image_175.jpg,169266,77336,45.69
image_176.jpg,175698,66342,37.76
image_177.jpg,115177,56032,48.65
image_178.jpg,137359,58114,42.31
image_179.jpg,119513,62096,51.96
image_18.jpg,192919,76682,39.75
image_180.jpg,158037,54905,34.74
image_181.jpg,151538,49066,32.38
image_182.jpg,154311,49174,31.87
image_183.jpg,180362,83125,46.09
image_184.jpg,169970,61325,36.08
image_185.jpg,178638,74008,41.43
image_186.jpg,169738,49200,28.99
image_187.jpg,141822,53974,38.06
image_188.jpg,148013,67131,45.35
image_189.jpg,122387,38321,31.31
image_19.jpg,189511,46360,24.46
image_190.jpg,136830,46910,34.28
image_191.jpg,115838,52409,45.24
image_192.jpg,133479,44498,33.34
image_193.jpg,154044,53824,34.94
image_194.jpg,135519,52472,38.72
image_195.jpg,119268,35403,29.68
image_196.jpg,120727,34926,28.93
image_197.jpg,148948,49759,33.41
image_198.jpg,157167,60355,38.40
image_199.jpg,195560,48210,24.65
image_2.jpg,161260,49034,30.41
image_20.jpg,189902,65405,34.44
image_200.jpg,126729,37977,29.97
image_201.jpg,131511,39816,30.28
image_202.jpg,177312,50448,28.45
image_203.jpg,72040,36794,51.07
image_204.jpg,97387,54878,56.35
image_205.jpg,79228,36731,46.36
image_206.jpg,95619,27099,28.34
image_207.jpg,104961,48398,46.11
image_208.jpg,81134,44595,54.96
image_209.jpg,83161,37931,45.61
image_21.jpg,185542,62420,33.64
image_210.jpg,90810,41573,45.78
image_211.jpg,83948,47234,56.27
image_212.jpg,95533,52850,55.32
image_213.jpg,84534,42326,50.07
image_214.jpg,96382,38288,39.73
image_215.jpg,98383,54983,55.89
image_216.jpg,115328,51541,44.69
image_217.jpg,100284,46372,46.24
image_218.jpg,92122,52220,56.69
image_219.jpg,92434,55413,59.95
image_22.jpg,181665,39100,21.52
image_220.jpg,99058,42690,43.10
image_221.jpg,83224,30344,36.46
image_222.jpg,99492,38726,38.92
image_223.jpg,100157,40830,40.77
image_224.jpg,81911,34303,41.88
image_225.jpg,97656,43407,44.45
image_226.jpg,87204,36786,42.18
image_227.jpg,95746,38768,40.49
image_228.jpg,126408,51780,40.96
image_229.jpg,116032,67275,57.98
image_23.jpg,136950,40018,29.22
image_230.jpg,114211,28741,25.16
image_231.jpg,108868,29446,27.05
image_232.jpg,101118,34066,33.69
image_233.jpg,89529,32068,35.82
image_234.jpg,111341,60644,54.47
image_235.jpg,115929,55010,47.45
image_236.jpg,112053,54058,48.24
image_237.jpg,97383,55636,57.13
image_238.jpg,89711,29425,32.80
image_239.jpg,124973,48921,39.15
image_24.jpg,140000,46019,32.87
image_240.jpg,90160,46855,51.97
image_241.jpg,90596,53104,58.62
image_242.jpg,107210,42402,39.55
image_243.jpg,105213,71454,67.91
image_244.jpg,99225,35850,36.13
image_245.jpg,98127,36406,37.10
image_246.jpg,107233,49989,46.62
image_247.jpg,100906,44796,44.39
image_248.jpg,113838,43207,37.95
image_249.jpg,110178,52116,47.30
image_25.jpg,143976,46333,32.18
image_250.jpg,104348,48601,46.58
image_251.jpg,116181,60664,52.22
image_252.jpg,109585,46002,41.98
image_253.jpg,87154,34438,39.51
image_254.jpg,113830,40852,35.89
image_255.jpg,84905,40166,47.31
image_256.jpg,109751,40344,36.76
image_257.jpg,85915,46450,54.07
image_258.jpg,102780,35908,34.94
image_259.jpg,89064,42928,48.20
image_26.jpg,133969,30672,22.89
image_260.jpg,91282,45430,49.77
image_261.jpg,89325,53664,60.08
image_262.jpg,99436,43770,44.02
image_263.jpg,113471,40810,35.97
image_264.jpg,87415,41574,47.56
image_265.jpg,111806,55156,49.33
image_266.jpg,93507,48529,51.90
image_267.jpg,107765,39053,36.24
image_268.jpg,81854,40602,49.60
image_269.jpg,94111,45116,47.94
image_27.jpg,170462,56540,33.17
image_270.jpg,113825,46991,41.28
image_271.jpg,99245,46944,47.30
image_272.jpg,95156,42992,45.18
image_273.jpg,91648,43251,47.19
image_274.jpg,114381,49149,42.97
image_275.jpg,104065,52430,50.38
image_276.jpg,94395,38084,40.35
image_277.jpg,94966,39439,41.53
image_278.jpg,99423,37868,38.09
image_279.jpg,112913,47736,42.28
image_28.jpg,172407,52138,30.24
image_280.jpg,123855,45922,37.08
image_281.jpg,117174,76180,65.01
image_282.jpg,153665,86010,55.97
image_283.jpg,154796,61316,39.61
image_284.jpg,108433,58659,54.10
image_285.jpg,116438,63429,54.47
image_286.jpg,125465,63845,50.89
image_287.jpg,88743,37694,42.48
image_288.jpg,95915,43645,45.50
image_289.jpg,85927,37308,43.42
image_29.jpg,196456,55646,28.32
image_290.jpg,94221,37126,39.40
image_291.jpg,100675,45827,45.52
image_292.jpg,75113,32290,42.99
image_293.jpg,92574,40225,43.45
image_294.jpg,99402,37343,37.57
image_295.jpg,91567,36112,39.44
image_296.jpg,101281,37930,37.45
image_297.jpg,82008,36576,44.60
image_298.jpg,95339,38798,40.69
image_299.jpg,99714,43471,43.60
image_3.jpg,157235,51393,32.69
image_30.jpg,164522,48033,29.20
image_300.jpg,98160,36370,37.05
image_301.jpg,102830,42820,41.64
image_302.jpg,137752,58256,42.29
image_303.jpg,180168,53580,29.74
image_304.jpg,140429,71289,50.77
image_305.jpg,166179,62369,37.53
image_306.jpg,134719,65514,48.63
image_307.jpg,120415,51077,42.42
image_308.jpg,173186,50996,29.45
image_309.jpg,149646,53053,35.45
image_31.jpg,182678,54481,29.82
image_310.jpg,159654,53234,33.34
image_311.jpg,174696,59126,33.85
image_312.jpg,176488,58434,33.11
image_313.jpg,163879,61330,37.42
image_314.jpg,153159,59650,38.95
image_315.jpg,182175,79090,43.41
image_316.jpg,153697,48865,31.79
image_317.jpg,165166,57014,34.52
image_318.jpg,150969,66195,43.85
image_319.jpg,158919,66371,41.76
image_32.jpg,223822,57607,25.74
image_320.jpg,147795,56692,38.36
image_321.jpg,158316,72439,45.76
image_322.jpg,173674,57783,33.27
image_323.jpg,175626,44105,25.11
image_324.jpg,144766,66117,45.67
image_325.jpg,137338,57367,41.77
image_326.jpg,145481,68353,46.98
image_327.jpg,176382,76435,43.33
image_328.jpg,158832,49123,30.93
image_329.jpg,146488,50197,34.27
image_33.jpg,147018,45524,30.96
image_330.jpg,145432,49224,33.85
image_331.jpg,143140,69151,48.31
image_332.jpg,156170,66080,42.31
image_333.jpg,164671,64901,39.41
image_334.jpg,161234,64499,40.00
image_335.jpg,161005,70006,43.48
image_336.jpg,126458,61707,48.80
image_337.jpg,177372,78827,44.44
image_338.jpg,144515,53297,36.88
image_339.jpg,135699,65127,47.99
image_34.jpg,130904,44712,34.16
image_340.jpg,172280,73961,42.93
image_341.jpg,155171,62307,40.15
image_342.jpg,160674,59654,37.13
image_343.jpg,144056,55417,38.47
image_344.jpg,137184,56748,41.37
image_345.jpg,142793,58952,41.28
image_346.jpg,173851,65418,37.63
image_347.jpg,182643,55110,30.17
image_348.jpg,162658,71067,43.69
image_349.jpg,178524,68093,38.14
image_35.jpg,150951,51895,34.38
image_350.jpg,146423,51194,34.96
image_351.jpg,173413,67381,38.86
image_352.jpg,135557,57732,42.59
image_353.jpg,168774,68251,40.44
image_354.jpg,154902,65638,42.37
image_355.jpg,140262,55564,39.61
image_356.jpg,160584,65284,40.65
image_357.jpg,153087,67183,43.89
image_358.jpg,162138,61580,37.98
image_359.jpg,182951,79290,43.34
image_36.jpg,156016,47664,30.55
image_360.jpg,160255,64076,39.98
image_361.jpg,164120,65228,39.74
image_362.jpg,161956,70144,43.31
image_363.jpg,168334,52058,30.93
image_364.jpg,166932,59811,35.83
image_365.jpg,207201,67030,32.35
image_366.jpg,173577,63087,36.35
image_367.jpg,170147,81804,48.08
image_368.jpg,191439,77889,40.69
image_369.jpg,169337,83300,49.19
image_37.jpg,170018,51921,30.54
image_370.jpg,174617,65585,37.56
image_371.jpg,177619,88906,50.05
image_372.jpg,172305,79833,46.33
image_373.jpg,175051,70943,40.53
image_374.jpg,167518,90055,53.76
image_375.jpg,169488,88356,52.13
image_376.jpg,157500,87245,55.39
image_377.jpg,183508,85438,46.56
image_378.jpg,193032,71144,36.86
image_379.jpg,168763,87200,51.67
image_38.jpg,167149,50450,30.18
image_380.jpg,153702,78850,51.30
image_381.jpg,170854,84847,49.66
image_382.jpg,173196,76678,44.27
image_383.jpg,196793,83361,42.36
image_384.jpg,177736,77679,43.70
image_385.jpg,182731,82965,45.40
image_386.jpg,186989,78574,42.02
image_387.jpg,200036,85312,42.65
image_388.jpg,172347,67862,39.38
image_389.jpg,168464,52482,31.15
image_39.jpg,162070,49229,30.38
image_390.jpg,177859,82810,46.56
image_391.jpg,214918,62526,29.09
image_392.jpg,172592,66128,38.31
image_393.jpg,156728,65801,41.98
image_394.jpg,176109,80921,45.95
image_395.jpg,192425,71124,36.96
image_396.jpg,170177,78743,46.27
image_397.jpg,173192,75919,43.84
image_398.jpg,149481,62276,41.66
image_399.jpg,165237,61749,37.37
image_4.jpg,159051,65337,41.08
image_40.jpg,150519,50384,33.47
image_400.jpg,169598,26632,15.70
image_401.jpg,183065,71407,39.01
image_402.jpg,149047,44203,29.66
image_41.jpg,149181,51253,34.36
image_42.jpg,153145,61063,39.87
image_43.jpg,151044,57685,38.19
image_44.jpg,153981,69387,45.06
image_45.jpg,154354,70116,45.43
image_46.jpg,161896,65307,40.34
image_47.jpg,159033,84092,52.88
image_48.jpg,155109,51004,32.88
image_49.jpg,201540,84177,41.77
image_5.jpg,161294,50254,31.16
image_50.jpg,196445,65234,33.21
image_51.jpg,233903,59411,25.40
image_52.jpg,218074,85761,39.33
image_53.jpg,219629,61942,28.20
image_54.jpg,206586,75644,36.62
image_55.jpg,206608,72524,35.10
image_56.jpg,191065,78228,40.94
image_57.jpg,188713,74514,39.49
image_58.jpg,199374,85362,42.82
image_59.jpg,194344,83431,42.93
image_6.jpg,180178,57481,31.90
image_60.jpg,204331,83716,40.97
image_61.jpg,174308,72368,41.52
image_62.jpg,204122,64927,31.81
image_63.jpg,205970,61039,29.63
image_64.jpg,208534,62773,30.10
image_65.jpg,244722,81128,33.15
image_66.jpg,268389,65846,24.53
image_67.jpg,84697,35612,42.05
image_68.jpg,100540,41319,41.10
image_69.jpg,107222,56278,52.49
image_7.jpg,186825,80513,43.10
image_70.jpg,104621,33596,32.11
image_71.jpg,101353,22925,22.62
image_72.jpg,89383,23275,26.04
image_73.jpg,119064,51298,43.08
image_74.jpg,122039,52739,43.21
image_75.jpg,104821,53419,50.96
image_76.jpg,108830,58004,53.30
image_77.jpg,121691,61959,50.92
image_78.jpg,106251,37550,35.34
image_79.jpg,94073,37144,39.48
image_8.jpg,187764,60586,32.27
image_80.jpg,88940,28205,31.71
image_81.jpg,89056,27987,31.43
image_82.jpg,88144,36690,41.63
image_83.jpg,109605,35509,32.40
image_84.jpg,111592,49596,44.44
image_85.jpg,124971,55959,44.78
image_86.jpg,121460,39324,32.38
image_87.jpg,105450,34869,33.07
image_88.jpg,112739,61816,54.83
image_89.jpg,115197,57228,49.68
image_9.jpg,180635,62430,34.56
image_90.jpg,100822,53323,52.89
image_91.jpg,116287,45898,39.47
image_92.jpg,111083,40385,36.36
image_93.jpg,106143,32836,30.94
image_94.jpg,101466,54901,54.11
image_95.jpg,120273,41130,34.20
image_96.jpg,105452,48531,46.02
image_97.jpg,86599,36864,42.57
image_98.jpg,109537,45940,41.94
image_99.jpg,96448,34808,36.09
