Image,Method,Ground Truth (%),Predicted (%),Absolute Error
image_0.jpg,Otsu,36.85,78.00,41.15
image_0.jpg,Otsu + Morphology,36.85,74.42,37.57
image_0.jpg,Colour-Based,36.85,39.83,2.99
image_0.jpg,Hybrid,36.85,34.96,1.89
image_1.jpg,Otsu,46.35,75.24,28.89
image_1.jpg,Otsu + Morphology,46.35,72.40,26.05
image_1.jpg,Colour-Based,46.35,33.58,12.78
image_1.jpg,Hybrid,46.35,26.43,19.93
image_10.jpg,Otsu,38.02,72.23,34.21
image_10.jpg,Otsu + Morphology,38.02,69.36,31.34
image_10.jpg,Colour-Based,38.02,35.60,2.42
image_10.jpg,Hybrid,38.02,31.69,6.33
image_100.jpg,Otsu,51.89,90.11,38.22
image_100.jpg,Otsu + Morphology,51.89,88.65,36.76
image_100.jpg,Colour-Based,51.89,36.41,15.48
image_100.jpg,Hybrid,51.89,30.72,21.17
image_101.jpg,Otsu,49.34,81.34,32.00
image_101.jpg,Otsu + Morphology,49.34,79.55,30.21
image_101.jpg,Colour-Based,49.34,41.69,7.65
image_101.jpg,Hybrid,49.34,35.80,13.54
image_102.jpg,Otsu,53.23,89.85,36.62
image_102.jpg,Otsu + Morphology,53.23,88.42,35.20
image_102.jpg,Colour-Based,53.23,37.32,15.91
image_102.jpg,Hybrid,53.23,30.45,22.78
image_103.jpg,Otsu,53.14,92.94,39.80
image_103.jpg,Otsu + Morphology,53.14,91.91,38.77
image_103.jpg,Colour-Based,53.14,38.03,15.11
image_103.jpg,Hybrid,53.14,31.54,21.59
image_104.jpg,Otsu,59.81,85.96,26.14
image_104.jpg,Otsu + Morphology,59.81,84.86,25.04
image_104.jpg,Colour-Based,59.81,41.15,18.66
image_104.jpg,Hybrid,59.81,35.73,24.08
image_105.jpg,Otsu,62.88,82.81,19.93
image_105.jpg,Otsu + Morphology,62.88,81.54,18.67
image_105.jpg,Colour-Based,62.88,40.52,22.36
image_105.jpg,Hybrid,62.88,33.16,29.71
image_106.jpg,Otsu,56.11,83.88,27.77
image_106.jpg,Otsu + Morphology,56.11,81.66,25.55
image_106.jpg,Colour-Based,56.11,38.97,17.14
image_106.jpg,Hybrid,56.11,31.24,24.87
image_107.jpg,Otsu,56.92,81.27,24.35
image_107.jpg,Otsu + Morphology,56.92,79.54,22.62
image_107.jpg,Colour-Based,56.92,41.34,15.58
image_107.jpg,Hybrid,56.92,35.05,21.87
image_108.jpg,Otsu,42.91,80.86,37.96
image_108.jpg,Otsu + Morphology,42.91,78.59,35.68
image_108.jpg,Colour-Based,42.91,41.24,1.66
image_108.jpg,Hybrid,42.91,37.36,5.55
image_109.jpg,Otsu,38.19,77.11,38.92
image_109.jpg,Otsu + Morphology,38.19,74.33,36.14
image_109.jpg,Colour-Based,38.19,39.41,1.22
image_109.jpg,Hybrid,38.19,34.76,3.44
image_11.jpg,Otsu,44.49,70.86,26.37
image_11.jpg,Otsu + Morphology,44.49,67.96,23.48
image_11.jpg,Colour-Based,44.49,30.34,14.14
image_11.jpg,Hybrid,44.49,25.81,18.68
image_110.jpg,Otsu,38.57,74.86,36.28
image_110.jpg,Otsu + Morphology,38.57,72.31,33.74
image_110.jpg,Colour-Based,38.57,37.33,1.25
image_110.jpg,Hybrid,38.57,33.43,5.14
image_111.jpg,Otsu,57.29,73.04,15.75
image_111.jpg,Otsu + Morphology,57.29,70.46,13.17
image_111.jpg,Colour-Based,57.29,44.29,13.00
image_111.jpg,Hybrid,57.29,38.54,18.74
image_112.jpg,Otsu,50.69,80.23,29.54
image_112.jpg,Otsu + Morphology,50.69,77.02,26.33
image_112.jpg,Colour-Based,50.69,37.39,13.30
image_112.jpg,Hybrid,50.69,30.49,20.20
image_113.jpg,Otsu,47.08,70.27,23.19
image_113.jpg,Otsu + Morphology,47.08,67.40,20.32
image_113.jpg,Colour-Based,47.08,35.48,11.60
image_113.jpg,Hybrid,47.08,29.96,17.12
image_114.jpg,Otsu,50.03,68.48,18.45
image_114.jpg,Otsu + Morphology,50.03,64.08,14.05
image_114.jpg,Colour-Based,50.03,43.23,6.80
image_114.jpg,Hybrid,50.03,38.25,11.78
image_115.jpg,Otsu,41.57,67.76,26.19
image_115.jpg,Otsu + Morphology,41.57,62.99,21.42
image_115.jpg,Colour-Based,41.57,33.49,8.08
image_115.jpg,Hybrid,41.57,29.03,12.54
image_116.jpg,Otsu,41.81,77.74,35.93
image_116.jpg,Otsu + Morphology,41.81,74.25,32.45
image_116.jpg,Colour-Based,41.81,27.72,14.09
image_116.jpg,Hybrid,41.81,22.47,19.34
image_117.jpg,Otsu,55.63,84.82,29.19
image_117.jpg,Otsu + Morphology,55.63,81.56,25.93
image_117.jpg,Colour-Based,55.63,32.26,23.37
image_117.jpg,Hybrid,55.63,23.51,32.12
image_118.jpg,Otsu,52.45,75.86,23.41
image_118.jpg,Otsu + Morphology,52.45,70.40,17.95
image_118.jpg,Colour-Based,52.45,33.16,19.30
image_118.jpg,Hybrid,52.45,25.27,27.18
image_119.jpg,Otsu,49.58,83.92,34.34
image_119.jpg,Otsu + Morphology,49.58,80.63,31.05
image_119.jpg,Colour-Based,49.58,32.00,17.58
image_119.jpg,Hybrid,49.58,22.84,26.73
image_12.jpg,Otsu,49.28,74.19,24.90
image_12.jpg,Otsu + Morphology,49.28,71.30,22.02
image_12.jpg,Colour-Based,49.28,23.05,26.23
image_12.jpg,Hybrid,49.28,18.79,30.49
image_120.jpg,Otsu,47.14,83.99,36.85
image_120.jpg,Otsu + Morphology,47.14,79.87,32.73
image_120.jpg,Colour-Based,47.14,24.58,22.56
image_120.jpg,Hybrid,47.14,16.95,30.19
image_121.jpg,Otsu,66.70,85.20,18.50
image_121.jpg,Otsu + Morphology,66.70,81.55,14.85
image_121.jpg,Colour-Based,66.70,33.79,32.91
image_121.jpg,Hybrid,66.70,24.65,42.05
image_122.jpg,Otsu,69.29,79.44,10.15
image_122.jpg,Otsu + Morphology,69.29,76.04,6.75
image_122.jpg,Colour-Based,69.29,33.60,35.69
image_122.jpg,Hybrid,69.29,26.27,43.02
image_123.jpg,Otsu,68.45,69.73,1.28
image_123.jpg,Otsu + Morphology,68.45,64.78,3.66
image_123.jpg,Colour-Based,68.45,34.04,34.41
image_123.jpg,Hybrid,68.45,25.90,42.55
image_124.jpg,Otsu,71.80,80.80,9.00
image_124.jpg,Otsu + Morphology,71.80,77.74,5.94
image_124.jpg,Colour-Based,71.80,36.62,35.17
image_124.jpg,Hybrid,71.80,29.91,41.89
image_125.jpg,Otsu,64.39,75.91,11.52
image_125.jpg,Otsu + Morphology,64.39,72.06,7.66
image_125.jpg,Colour-Based,64.39,33.23,31.16
image_125.jpg,Hybrid,64.39,25.29,39.10
image_126.jpg,Otsu,64.48,77.45,12.97
image_126.jpg,Otsu + Morphology,64.48,73.69,9.21
image_126.jpg,Colour-Based,64.48,35.22,29.26
image_126.jpg,Hybrid,64.48,28.30,36.18
image_127.jpg,Otsu,65.58,74.95,9.36
image_127.jpg,Otsu + Morphology,65.58,71.80,6.21
image_127.jpg,Colour-Based,65.58,38.28,27.31
image_127.jpg,Hybrid,65.58,31.25,34.33
