Image,Method,IoU,Dice,Precision,Recall
image_0.jpg,Original Otsu,0.4365,0.6077,0.4477,0.9457
image_0.jpg,Otsu + Morphology 3x3,0.4435,0.6144,0.4561,0.9410
image_0.jpg,Otsu + Morphology 5x5,0.4493,0.6200,0.4631,0.9378
image_0.jpg,Otsu + Morphology 7x7,0.4497,0.6204,0.4654,0.9302
image_1.jpg,Original Otsu,0.5343,0.6964,0.5635,0.9116
image_1.jpg,Otsu + Morphology 3x3,0.5399,0.7012,0.5710,0.9083
image_1.jpg,Otsu + Morphology 5x5,0.5425,0.7034,0.5769,0.9009
image_1.jpg,Otsu + Morphology 7x7,0.5450,0.7055,0.5817,0.8964
image_10.jpg,Original Otsu,0.4730,0.6422,0.4909,0.9285
image_10.jpg,Otsu + Morphology 3x3,0.4813,0.6499,0.5003,0.9268
image_10.jpg,Otsu + Morphology 5x5,0.4879,0.6558,0.5082,0.9243
image_10.jpg,Otsu + Morphology 7x7,0.4897,0.6575,0.5121,0.9180
image_100.jpg,Original Otsu,0.5486,0.7085,0.5645,0.9511
image_100.jpg,Otsu + Morphology 3x3,0.5532,0.7123,0.5684,0.9538
image_100.jpg,Otsu + Morphology 5x5,0.5577,0.7160,0.5732,0.9537
image_100.jpg,Otsu + Morphology 7x7,0.5607,0.7185,0.5772,0.9516
image_101.jpg,Original Otsu,0.5719,0.7276,0.5914,0.9453
image_101.jpg,Otsu + Morphology 3x3,0.5754,0.7305,0.5950,0.9460
image_101.jpg,Otsu + Morphology 5x5,0.5780,0.7326,0.6001,0.9400
image_101.jpg,Otsu + Morphology 7x7,0.5851,0.7382,0.6089,0.9373
image_102.jpg,Original Otsu,0.5615,0.7192,0.5728,0.9660
image_102.jpg,Otsu + Morphology 3x3,0.5641,0.7213,0.5759,0.9649
image_102.jpg,Otsu + Morphology 5x5,0.5670,0.7237,0.5796,0.9632
image_102.jpg,Otsu + Morphology 7x7,0.5693,0.7255,0.5843,0.9568
image_103.jpg,Original Otsu,0.5481,0.7081,0.5576,0.9698
image_103.jpg,Otsu + Morphology 3x3,0.5504,0.7100,0.5599,0.9700
image_103.jpg,Otsu + Morphology 5x5,0.5534,0.7125,0.5630,0.9700
image_103.jpg,Otsu + Morphology 7x7,0.5583,0.7166,0.5681,0.9699
image_104.jpg,Original Otsu,0.6448,0.7840,0.6664,0.9519
image_104.jpg,Otsu + Morphology 3x3,0.6481,0.7865,0.6696,0.9527
image_104.jpg,Otsu + Morphology 5x5,0.6533,0.7903,0.6753,0.9524
image_104.jpg,Otsu + Morphology 7x7,0.6550,0.7915,0.6790,0.9488
image_105.jpg,Original Otsu,0.6862,0.8139,0.7194,0.9369
image_105.jpg,Otsu + Morphology 3x3,0.6902,0.8167,0.7240,0.9367
image_105.jpg,Otsu + Morphology 5x5,0.6940,0.8194,0.7286,0.9360
image_105.jpg,Otsu + Morphology 7x7,0.6978,0.8220,0.7358,0.9311
image_106.jpg,Original Otsu,0.5997,0.7497,0.6291,0.9277
image_106.jpg,Otsu + Morphology 3x3,0.6044,0.7534,0.6349,0.9263
image_106.jpg,Otsu + Morphology 5x5,0.6088,0.7568,0.6415,0.9227
image_106.jpg,Otsu + Morphology 7x7,0.6093,0.7572,0.6460,0.9145
image_107.jpg,Original Otsu,0.6097,0.7575,0.6543,0.8995
image_107.jpg,Otsu + Morphology 3x3,0.6154,0.7619,0.6600,0.9012
image_107.jpg,Otsu + Morphology 5x5,0.6207,0.7659,0.6673,0.8987
image_107.jpg,Otsu + Morphology 7x7,0.6248,0.7691,0.6742,0.8952
image_108.jpg,Original Otsu,0.4864,0.6545,0.5088,0.9171
image_108.jpg,Otsu + Morphology 3x3,0.4929,0.6603,0.5157,0.9178
image_108.jpg,Otsu + Morphology 5x5,0.5002,0.6668,0.5235,0.9182
image_108.jpg,Otsu + Morphology 7x7,0.5090,0.6746,0.5335,0.9172
image_109.jpg,Original Otsu,0.4558,0.6262,0.4744,0.9206
image_109.jpg,Otsu + Morphology 3x3,0.4633,0.6332,0.4824,0.9210
image_109.jpg,Otsu + Morphology 5x5,0.4697,0.6392,0.4902,0.9183
image_109.jpg,Otsu + Morphology 7x7,0.4739,0.6431,0.4964,0.9128
image_11.jpg,Original Otsu,0.5238,0.6875,0.5606,0.8885
image_11.jpg,Otsu + Morphology 3x3,0.5288,0.6918,0.5686,0.8830
image_11.jpg,Otsu + Morphology 5x5,0.5340,0.6963,0.5770,0.8777
image_11.jpg,Otsu + Morphology 7x7,0.5317,0.6943,0.5812,0.8621
image_110.jpg,Original Otsu,0.4625,0.6325,0.4915,0.8867
image_110.jpg,Otsu + Morphology 3x3,0.4675,0.6371,0.4975,0.8856
image_110.jpg,Otsu + Morphology 5x5,0.4728,0.6420,0.5047,0.8820
image_110.jpg,Otsu + Morphology 7x7,0.4710,0.6404,0.5072,0.8686
image_111.jpg,Original Otsu,0.6336,0.7757,0.7097,0.8552
image_111.jpg,Otsu + Morphology 3x3,0.6353,0.7770,0.7143,0.8517
image_111.jpg,Otsu + Morphology 5x5,0.6343,0.7762,0.7199,0.8422
image_111.jpg,Otsu + Morphology 7x7,0.6298,0.7729,0.7239,0.8290
image_112.jpg,Original Otsu,0.5347,0.6968,0.5811,0.8700
image_112.jpg,Otsu + Morphology 3x3,0.5409,0.7021,0.5890,0.8689
image_112.jpg,Otsu + Morphology 5x5,0.5456,0.7060,0.5972,0.8633
image_112.jpg,Otsu + Morphology 7x7,0.5488,0.7087,0.6046,0.8561
image_113.jpg,Original Otsu,0.5802,0.7343,0.6224,0.8954
image_113.jpg,Otsu + Morphology 3x3,0.5876,0.7402,0.6312,0.8948
image_113.jpg,Otsu + Morphology 5x5,0.5931,0.7446,0.6408,0.8886
image_113.jpg,Otsu + Morphology 7x7,0.5957,0.7466,0.6517,0.8739
image_114.jpg,Original Otsu,0.5973,0.7479,0.6590,0.8646
image_114.jpg,Otsu + Morphology 3x3,0.6084,0.7565,0.6744,0.8614
image_114.jpg,Otsu + Morphology 5x5,0.6213,0.7664,0.6948,0.8545
image_114.jpg,Otsu + Morphology 7x7,0.6291,0.7724,0.7153,0.8393
image_115.jpg,Original Otsu,0.5068,0.6727,0.5503,0.8650
image_115.jpg,Otsu + Morphology 3x3,0.5186,0.6830,0.5659,0.8613
image_115.jpg,Otsu + Morphology 5x5,0.5239,0.6875,0.5784,0.8475
image_115.jpg,Otsu + Morphology 7x7,0.5273,0.6905,0.5882,0.8358
image_116.jpg,Original Otsu,0.4988,0.6656,0.5170,0.9343
image_116.jpg,Otsu + Morphology 3x3,0.5038,0.6701,0.5230,0.9323
image_116.jpg,Otsu + Morphology 5x5,0.5122,0.6774,0.5343,0.9253
image_116.jpg,Otsu + Morphology 7x7,0.5187,0.6831,0.5431,0.9205
image_117.jpg,Original Otsu,0.5003,0.6670,0.5964,0.7564
image_117.jpg,Otsu + Morphology 3x3,0.4995,0.6662,0.5993,0.7500
image_117.jpg,Otsu + Morphology 5x5,0.4949,0.6621,0.6010,0.7370
image_117.jpg,Otsu + Morphology 7x7,0.4888,0.6566,0.6039,0.7194
image_118.jpg,Original Otsu,0.5061,0.6720,0.6321,0.7173
image_118.jpg,Otsu + Morphology 3x3,0.5084,0.6741,0.6422,0.7093
image_118.jpg,Otsu + Morphology 5x5,0.5108,0.6762,0.6570,0.6965
image_118.jpg,Otsu + Morphology 7x7,0.5043,0.6705,0.6684,0.6726
image_119.jpg,Original Otsu,0.4529,0.6235,0.5424,0.7330
image_119.jpg,Otsu + Morphology 3x3,0.4524,0.6230,0.5451,0.7269
image_119.jpg,Otsu + Morphology 5x5,0.4495,0.6202,0.5480,0.7142
image_119.jpg,Otsu + Morphology 7x7,0.4470,0.6178,0.5513,0.7025
image_12.jpg,Original Otsu,0.5603,0.7182,0.6015,0.8909
image_12.jpg,Otsu + Morphology 3x3,0.5671,0.7238,0.6114,0.8868
image_12.jpg,Otsu + Morphology 5x5,0.5721,0.7278,0.6194,0.8822
image_12.jpg,Otsu + Morphology 7x7,0.5712,0.7271,0.6230,0.8731
image_120.jpg,Original Otsu,0.4128,0.5844,0.5064,0.6908
image_120.jpg,Otsu + Morphology 3x3,0.4127,0.5842,0.5103,0.6832
image_120.jpg,Otsu + Morphology 5x5,0.4103,0.5819,0.5134,0.6715
image_120.jpg,Otsu + Morphology 7x7,0.4052,0.5767,0.5157,0.6541
image_121.jpg,Original Otsu,0.6121,0.7594,0.7158,0.8087
image_121.jpg,Otsu + Morphology 3x3,0.6127,0.7598,0.7208,0.8033
image_121.jpg,Otsu + Morphology 5x5,0.6093,0.7572,0.7264,0.7907
image_121.jpg,Otsu + Morphology 7x7,0.6009,0.7507,0.7309,0.7716
image_122.jpg,Original Otsu,0.6305,0.7734,0.7486,0.7999
image_122.jpg,Otsu + Morphology 3x3,0.6320,0.7745,0.7554,0.7946
image_122.jpg,Otsu + Morphology 5x5,0.6257,0.7697,0.7595,0.7802
image_122.jpg,Otsu + Morphology 7x7,0.6130,0.7600,0.7627,0.7574
image_123.jpg,Original Otsu,0.5813,0.7352,0.7558,0.7157
image_123.jpg,Otsu + Morphology 3x3,0.5747,0.7299,0.7625,0.7000
image_123.jpg,Otsu + Morphology 5x5,0.5628,0.7202,0.7670,0.6789
image_123.jpg,Otsu + Morphology 7x7,0.5494,0.7092,0.7744,0.6540
image_124.jpg,Original Otsu,0.6494,0.7875,0.7769,0.7983
image_124.jpg,Otsu + Morphology 3x3,0.6494,0.7874,0.7820,0.7929
image_124.jpg,Otsu + Morphology 5x5,0.6450,0.7842,0.7875,0.7809
image_124.jpg,Otsu + Morphology 7x7,0.6394,0.7800,0.7921,0.7684
image_125.jpg,Original Otsu,0.5714,0.7273,0.6950,0.7626
image_125.jpg,Otsu + Morphology 3x3,0.5700,0.7261,0.7007,0.7535
image_125.jpg,Otsu + Morphology 5x5,0.5641,0.7213,0.7052,0.7381
image_125.jpg,Otsu + Morphology 7x7,0.5492,0.7090,0.7052,0.7129
image_126.jpg,Original Otsu,0.6218,0.7668,0.7253,0.8133
image_126.jpg,Otsu + Morphology 3x3,0.6258,0.7698,0.7356,0.8074
image_126.jpg,Otsu + Morphology 5x5,0.6255,0.7696,0.7448,0.7962
image_126.jpg,Otsu + Morphology 7x7,0.6218,0.7668,0.7522,0.7820
image_127.jpg,Original Otsu,0.6577,0.7935,0.7627,0.8269
image_127.jpg,Otsu + Morphology 3x3,0.6637,0.7978,0.7738,0.8234
image_127.jpg,Otsu + Morphology 5x5,0.6644,0.7983,0.7819,0.8155
image_127.jpg,Otsu + Morphology 7x7,0.6583,0.7940,0.7935,0.7944
,,,,,
AVERAGE,Original Otsu,0.5530,0.7096,0.6119,0.8650
AVERAGE,Otsu + Morphology 3x3,0.5570,0.7129,0.6187,0.8617
AVERAGE,Otsu + Morphology 5x5,0.5592,0.7148,0.6257,0.8545
AVERAGE,Otsu + Morphology 7x7,0.5584,0.7142,0.6318,0.8433
