fruit,category,image,method,IoU,Dice,Precision,Recall,Damage_Percentage
Apple,Overripe,Apple_Overripe_084,Original Otsu,0.0,0.0,0.0,0.0,37.41280054182188
Apple,Overripe,Apple_Overripe_084,Otsu + Morphology 7x7,0.0,0.0,0.0,0.0,36.79901794784964
Apple,Overripe,Apple_Overripe_084,FABR_A,0.0,0.0,0.0,0.0,23.71740602776837
Apple,Overripe,Apple_Overripe_084,FABR_B,0.0,0.0,0.0,0.0,23.861327463596343
Apple,Overripe,Apple_Overripe_084,FABR_C,0.0,0.0,0.0,0.0,25.435997290890622
Apple,Overripe,Apple_Overripe_084,FABR_D,0.0,0.0,0.0,0.0,25.487639688452425
Apple,Overripe,Apple_Overripe_084,FABR_E,0.0,0.0,0.0,0.0,24.01794784964443
Apple,Ripe,Apple_Ripe_084,Original Otsu,0.0,0.0,0.0,0.0,71.41249961863501
Apple,Ripe,Apple_Ripe_084,Otsu + Morphology 7x7,0.0,0.0,0.0,0.0,71.38694816487171
Apple,Ripe,Apple_Ripe_084,FABR_A,0.0,0.0,0.0,0.0,21.344616651920553
Apple,Ripe,Apple_Ripe_084,FABR_B,0.0,0.0,0.0,0.0,21.255758611221285
Apple,Ripe,Apple_Ripe_084,FABR_C,0.0,0.0,0.0,0.0,23.63280654117216
Apple,Ripe,Apple_Ripe_084,FABR_D,0.0,0.0,0.0,0.0,23.400936632394668
Apple,Ripe,Apple_Ripe_084,FABR_E,0.0,0.0,0.0,0.0,21.243554931811943
Apple,Rotten,Apple_Rotten_084,Original Otsu,0.38336832283648237,0.5542534356293736,0.4185128596893303,0.8203144497130023,63.48205625606208
Apple,Rotten,Apple_Rotten_084,Otsu + Morphology 7x7,0.3838671319129028,0.5547745488864786,0.41943385375620357,0.8190666333915647,63.24630886949024
Apple,Rotten,Apple_Rotten_084,FABR_A,0.11965568755780039,0.21373657792744138,0.4523937600860678,0.13992180351052325,10.017243237417825
Apple,Rotten,Apple_Rotten_084,FABR_B,0.11911827045358203,0.2128787878787879,0.44147682639434405,0.14025455452957325,10.28936307791788
Apple,Rotten,Apple_Rotten_084,FABR_C,0.18401420959147424,0.3108310831083108,0.4514697726012202,0.23700191331835954,17.0021015195603
Apple,Rotten,Apple_Rotten_084,FABR_D,0.1761405298562183,0.2995229318009324,0.42996108949416345,0.22980617253140337,17.310593813988575
Apple,Rotten,Apple_Rotten_084,FABR_E,0.11668506762351642,0.20898473706976456,0.4062950504565113,0.14067049330338574,11.213492833279448
Banana,Overripe,Banana_Overripe_084,Original Otsu,0.35897353819889033,0.528300997935036,0.3590999818544729,0.9990200736429504,66.26421660159565
Banana,Overripe,Banana_Overripe_084,Otsu + Morphology 7x7,0.35885320562731315,0.5281706723599315,0.3589718968055822,0.9990794631191353,66.2918010524529
Banana,Overripe,Banana_Overripe_084,FABR_A,0.3681098561637224,0.5381290902997055,0.6627992873593187,0.4529338401235301,16.27694788660669
Banana,Overripe,Banana_Overripe_084,FABR_B,0.35822582626858335,0.5274908183018834,0.6750011575681808,0.43288989191115335,15.275420132405365
Banana,Overripe,Banana_Overripe_084,FABR_C,0.401808496351672,0.5732715950822289,0.6200179595220005,0.5330799382349448,20.478979233859558
Banana,Overripe,Banana_Overripe_084,FABR_D,0.393388806565599,0.5646504474730453,0.6287484059027145,0.5124124005226274,19.411673173767895
Banana,Overripe,Banana_Overripe_084,FABR_E,0.34426594717691034,0.5121991640120058,0.6741311618438273,0.41299441738923864,14.592174503479885
Banana,Ripe,Banana_Ripe_084,Original Otsu,0.0,0.0,0.0,0.0,47.80262969844219
Banana,Ripe,Banana_Ripe_084,Otsu + Morphology 7x7,0.0,0.0,0.0,0.0,47.27919108189224
Banana,Ripe,Banana_Ripe_084,FABR_A,0.0,0.0,0.0,0.0,11.203908818064885
Banana,Ripe,Banana_Ripe_084,FABR_B,0.0,0.0,0.0,0.0,12.07035157924825
Banana,Ripe,Banana_Ripe_084,FABR_C,0.0,0.0,0.0,0.0,14.374017436044017
Banana,Ripe,Banana_Ripe_084,FABR_D,0.0,0.0,0.0,0.0,14.92246677147349
Banana,Ripe,Banana_Ripe_084,FABR_E,0.0,0.0,0.0,0.0,12.64381163355724
Banana,Rotten,Banana_Rotten_084,Original Otsu,0.24972937293729372,0.3996535223467523,0.27538267812820716,0.7283192484647815,77.31923371302508
Banana,Rotten,Banana_Rotten_084,Otsu + Morphology 7x7,0.24911626923559765,0.39886802433218727,0.2749976295194124,0.7257974473983099,77.15940299851425
Banana,Rotten,Banana_Rotten_084,FABR_A,0.24827547944445472,0.39778956413523364,0.3233031102120435,0.5168729666775752,46.73866552609068
Banana,Rotten,Banana_Rotten_084,FABR_B,0.24993582275231532,0.3999178489051787,0.33910702085761363,0.4873043679134502,42.01127819548872
Banana,Rotten,Banana_Rotten_084,FABR_C,0.25472152372799745,0.40602080845983285,0.32181603109333634,0.5499066356093711,49.9555400477241
Banana,Rotten,Banana_Rotten_084,FABR_D,0.2624314743428317,0.4157555949394281,0.3456259407607725,0.5215893121835717,44.11890504704876
Banana,Rotten,Banana_Rotten_084,FABR_E,0.12276639841664022,0.21868555843810283,0.8032987171655467,0.12657131306908964,4.606388726306785
Grape,Overripe,Grape_Overripe_084,Original Otsu,0.0,0.0,0.0,0.0,53.42818143637127
Grape,Overripe,Grape_Overripe_084,Otsu + Morphology 7x7,0.0,0.0,0.0,0.0,52.91194176116477
Grape,Overripe,Grape_Overripe_084,FABR_A,0.0,0.0,0.0,0.0,27.925941481170373
Grape,Overripe,Grape_Overripe_084,FABR_B,0.005707865168539326,0.011350940698038164,0.008869953904176562,0.01575877900483931,25.0559988800224
Grape,Overripe,Grape_Overripe_084,FABR_C,0.010805465001282004,0.021379910131903174,0.01509955469109894,0.03660503784588658,34.18906621867563
Grape,Overripe,Grape_Overripe_084,FABR_D,0.040731174249950326,0.0782741504390989,0.05653300976228559,0.12718699590519916,31.728615427691448
Grape,Overripe,Grape_Overripe_084,FABR_E,0.024210721229515786,0.04727683615819209,0.0371818569600455,0.06489638913016503,24.615007699846004
Grape,Ripe,Grape_Ripe_094,Original Otsu,0.0,0.0,0.0,0.0,71.52461819341002
Grape,Ripe,Grape_Ripe_094,Otsu + Morphology 7x7,0.0,0.0,0.0,0.0,70.86026023705335
Grape,Ripe,Grape_Ripe_094,FABR_A,0.0,0.0,0.0,0.0,17.28344973483641
Grape,Ripe,Grape_Ripe_094,FABR_B,0.0,0.0,0.0,0.0,15.414263772567885
Grape,Ripe,Grape_Ripe_094,FABR_C,0.0,0.0,0.0,0.0,22.533833714898428
Grape,Ripe,Grape_Ripe_094,FABR_D,0.0,0.0,0.0,0.0,20.34587185208798
Grape,Ripe,Grape_Ripe_094,FABR_E,0.0,0.0,0.0,0.0,13.355261251340309
Grape,Rotten,Grape_Rotten_064,Original Otsu,0.33399066206536554,0.5007391304347826,0.33880504809813783,0.9591904722245357,89.22047244094489
Grape,Rotten,Grape_Rotten_064,Otsu + Morphology 7x7,0.33750072518419677,0.5046737079528942,0.34118233534690046,0.969018072790872,89.50656167979002
Grape,Rotten,Grape_Rotten_064,FABR_A,0.073275060442626,0.13654479293016808,0.14227678974451566,0.13125676688598317,29.073490813648295
Grape,Rotten,Grape_Rotten_064,FABR_B,0.04567914790820248,0.08736742623122966,0.11819860775678363,0.06929291246772716,18.4750656167979
Grape,Rotten,Grape_Rotten_064,FABR_C,0.120568899583208,0.21519230031826372,0.19940306992609438,0.23369701007745483,36.93438320209974
Grape,Rotten,Grape_Rotten_064,FABR_D,0.1141880341880342,0.2049708499539736,0.21636128076994263,0.1947197468143583,28.36220472440945
Grape,Rotten,Grape_Rotten_064,FABR_E,0.005611601513240858,0.01116057433067904,0.022577371892440384,0.007412342800033314,10.346456692913385
Guava,Class_A,Guava_Class_A_084,Original Otsu,0.0,0.0,0.0,0.0,37.581074820477184
Guava,Class_A,Guava_Class_A_084,Otsu + Morphology 7x7,0.0,0.0,0.0,0.0,37.33495482974288
Guava,Class_A,Guava_Class_A_084,FABR_A,0.0,0.0,0.0,0.0,20.219481121148945
Guava,Class_A,Guava_Class_A_084,FABR_B,0.0,0.0,0.0,0.0,21.11999073430623
Guava,Class_A,Guava_Class_A_084,FABR_C,0.0,0.0,0.0,0.0,24.75677553856845
Guava,Class_A,Guava_Class_A_084,FABR_D,0.0,0.0,0.0,0.0,25.34456798702803
Guava,Class_A,Guava_Class_A_084,FABR_E,0.0,0.0,0.0,0.0,21.73384294649062
Guava,Class_B,Guava_Class_B_084,Original Otsu,0.43548328422278004,0.6067410035478966,0.4428618993008028,0.9631506959530132,21.866202879792915
Guava,Class_B,Guava_Class_B_084,Otsu + Morphology 7x7,0.4394282789881562,0.610559463646291,0.4460813418435505,0.9671735457398021,21.799061640511244
Guava,Class_B,Guava_Class_B_084,FABR_A,0.5497417705670614,0.7094624162655266,0.6099085542308138,0.8478558210636414,13.976702798899854
Guava,Class_B,Guava_Class_B_084,FABR_B,0.5618174912164087,0.7194406444748442,0.5781784422945373,0.9520476305414756,16.555573531790973
Guava,Class_B,Guava_Class_B_084,FABR_C,0.5334555863672958,0.6957561615866997,0.5457082723279648,0.9596105881406388,17.6799870571105
Guava,Class_B,Guava_Class_B_084,FABR_D,0.5130602616341411,0.6781755818238512,0.523546918767507,0.962426582991391,18.482446206115515
Guava,Class_B,Guava_Class_B_084,FABR_E,0.5479401779979814,0.7079604054294352,0.5604091399615259,0.960978357068147,17.240737744701505
Guava,Defect,Guava_Defect_084,Original Otsu,0.323219536099314,0.4885350121902293,0.35273407905878157,0.7943596949016459,43.378827714197335
Guava,Defect,Guava_Defect_084,Otsu + Morphology 7x7,0.32013491414554374,0.48500332915253713,0.35072671489037693,0.7858791649939784,43.16134395298484
Guava,Defect,Guava_Defect_084,FABR_A,0.3562246073615912,0.5253180121168765,0.4736926984638955,0.5895724608590928,23.974443241571297
Guava,Defect,Guava_Defect_084,FABR_B,0.3673323397913562,0.5372978157562017,0.4749865104447699,0.6184263348052991,25.079260748530775
Guava,Defect,Guava_Defect_084,FABR_C,0.3737990781362803,0.5441830382407632,0.4555976715852173,0.675531914893617,28.560934116919267
Guava,Defect,Guava_Defect_084,FABR_D,0.38002226227075164,0.5507480171304565,0.44610023955449085,0.7195403452428744,31.06924682957006
Guava,Defect,Guava_Defect_084,FABR_E,0.37952728636980176,0.5502280239320531,0.47180167898399944,0.659925732637495,26.9428549334983
Mango,Overripe,Mango_Overripe_084,Original Otsu,0.6573283796900626,0.7932385491558284,0.8216123499142367,0.7667590676609535,49.773030151590866
Mango,Overripe,Mango_Overripe_084,Otsu + Morphology 7x7,0.6582467565163391,0.7939068825910931,0.8243788624038341,0.7656073087885058,49.531484257871064
Mango,Overripe,Mango_Overripe_084,FABR_A,0.5064981608978592,0.6724178947500219,0.937537097168395,0.5241869363213993,29.81946526736632
Mango,Overripe,Mango_Overripe_084,FABR_B,0.5066734724742892,0.6725723678432062,0.9413438235397422,0.5231913481435209,29.64247043145094
Mango,Overripe,Mango_Overripe_084,FABR_C,0.5305889290189431,0.6933134285232718,0.9044477949491142,0.5620973724280639,33.14592703648176
Mango,Overripe,Mango_Overripe_084,FABR_D,0.5295029622930547,0.6923856642934717,0.9066173682214638,0.5600476320618436,32.94602698650675
Mango,Overripe,Mango_Overripe_084,FABR_E,0.5022563773342649,0.6686693229094657,0.9387683077466031,0.5192675594424706,29.500874562718643
Mango,Ripe,Mango_Ripe_064,Original Otsu,0.0,0.0,0.0,0.0,49.81185556828507
Mango,Ripe,Mango_Ripe_064,Otsu + Morphology 7x7,0.0,0.0,0.0,0.0,48.82175166910283
Mango,Ripe,Mango_Ripe_064,FABR_A,0.0,0.0,0.0,0.0,10.6536167186821
Mango,Ripe,Mango_Ripe_064,FABR_B,0.0,0.0,0.0,0.0,14.17058428475487
Mango,Ripe,Mango_Ripe_064,FABR_C,0.0,0.0,0.0,0.0,17.45101331331727
Mango,Ripe,Mango_Ripe_064,FABR_D,0.0,0.0,0.0,0.0,20.74329395962549
Mango,Ripe,Mango_Ripe_064,FABR_E,0.0,0.0,0.0,0.0,17.696440564137006
Mango,Rotten,Mango_Rotten_084,Original Otsu,0.17265466465476872,0.29446804734384185,0.18878632284125335,0.668934583207338,52.27441708303593
Mango,Rotten,Mango_Rotten_084,Otsu + Morphology 7x7,0.17163953595312234,0.29299034504412574,0.18841854763106655,0.6584013708295535,51.55171901023079
Mango,Rotten,Mango_Rotten_084,FABR_A,0.2723481202788229,0.42810315186246417,0.39263339360047095,0.4706178812619696,17.68305377111587
Mango,Rotten,Mango_Rotten_084,FABR_B,0.2737279275092937,0.4298059602800009,0.39246304393087655,0.47500251990726744,17.855549607423267
Mango,Rotten,Mango_Rotten_084,FABR_C,0.28527226013205514,0.4439094641360187,0.3870169783741239,0.5204112488660417,19.837764691886747
Mango,Rotten,Mango_Rotten_084,FABR_D,0.28508578970523535,0.4436836699760356,0.38551349743437197,0.5225279709706683,19.9961337140138
Mango,Rotten,Mango_Rotten_084,FABR_E,0.2746751371643084,0.43097276969779347,0.391440329218107,0.47938715855256525,18.06745182012848
Melon,Overripe,Melon_Overripe_014,Original Otsu,0.0,0.0,0.0,0.0,82.75278580272389
Melon,Overripe,Melon_Overripe_014,Otsu + Morphology 7x7,0.0,0.0,0.0,0.0,82.485211170725
Melon,Overripe,Melon_Overripe_014,FABR_A,0.0,0.0,0.0,0.0,11.682487274728299
Melon,Overripe,Melon_Overripe_014,FABR_B,0.0,0.0,0.0,0.0,11.379144311459623
Melon,Overripe,Melon_Overripe_014,FABR_C,0.0,0.0,0.0,0.0,15.2785802723896
Melon,Overripe,Melon_Overripe_014,FABR_D,0.0,0.0,0.0,0.0,15.146512587701197
Melon,Overripe,Melon_Overripe_014,FABR_E,0.0,0.0,0.0,0.0,11.256018709588664
Melon,Ripe,Melon_Ripe_084,Original Otsu,0.0,0.0,0.0,0.0,35.8755110672494
Melon,Ripe,Melon_Ripe_084,Otsu + Morphology 7x7,0.0,0.0,0.0,0.0,34.44663752995911
Melon,Ripe,Melon_Ripe_084,FABR_A,0.0,0.0,0.0,0.0,7.442548991963909
Melon,Ripe,Melon_Ripe_084,FABR_B,0.0,0.0,0.0,0.0,8.690258000845905
Melon,Ripe,Melon_Ripe_084,FABR_C,0.0,0.0,0.0,0.0,11.21246299168194
Melon,Ripe,Melon_Ripe_084,FABR_D,0.0,0.0,0.0,0.0,12.49330325673199
Melon,Ripe,Melon_Ripe_084,FABR_E,0.0,0.0,0.0,0.0,9.94360637247991
Melon,Rotten,Melon_Rotten_010,Original Otsu,0.26367244581459587,0.41731137952386993,0.2702091686391962,0.915962533569136,69.65155715862291
Melon,Rotten,Melon_Rotten_010,Otsu + Morphology 7x7,0.2656838827873599,0.41982660346793066,0.27226124005369545,0.916650291478352,69.17848779306075
Melon,Rotten,Melon_Rotten_010,FABR_A,0.10510293107608917,0.19021383098449599,0.1952481120038622,0.18543263247527347,19.514279561788378
Melon,Rotten,Melon_Rotten_010,FABR_B,0.1034860270815327,0.18756200720589003,0.20015602362643486,0.1764590292788367,18.114586417593063
Melon,Rotten,Melon_Rotten_010,FABR_C,0.12566059894304168,0.22326551904016692,0.21002193742062117,0.23829174035501408,23.312966003606903
Melon,Rotten,Melon_Rotten_010,FABR_D,0.11774133233612907,0.21067724513693065,0.20511865984178687,0.21654549027313813,21.691879088046083
Melon,Rotten,Melon_Rotten_010,FABR_E,0.10019230014520623,0.18213597774131413,0.1999686692253466,0.1672234230693653,17.18257920378994
Orange,Overripe,Orange_Overripe_084,Original Otsu,0.4811182385269222,0.6496689136789358,0.5947398313600419,0.7157767436969267,58.620601342006864
Orange,Overripe,Orange_Overripe_084,Otsu + Morphology 7x7,0.48111233284857946,0.6496635294681131,0.5965213184686765,0.7132003049662171,58.23515853096348
Orange,Overripe,Orange_Overripe_084,FABR_A,0.3151807791904363,0.47929651068113516,0.5485226348603958,0.42558561400741385,37.791323054858374
Orange,Overripe,Orange_Overripe_084,FABR_B,0.2933655907633603,0.45364681549972624,0.5380785742631408,0.3921182006993191,35.49531322030426
Orange,Overripe,Orange_Overripe_084,FABR_C,0.34176775090782663,0.5094290732156739,0.5629832320468358,0.46517864184872626,40.24611996107156
Orange,Overripe,Orange_Overripe_084,FABR_D,0.31205273802115746,0.4756710290346964,0.545185839505334,0.42187869705812764,37.691440864621214
Orange,Overripe,Orange_Overripe_084,FABR_E,0.2540942429418266,0.40522352187149496,0.5188117999425594,0.33243946683492387,31.210623367310355
Orange,Ripe,Orange_Ripe_084,Original Otsu,0.0,0.0,0.0,0.0,56.461686174103875
Orange,Ripe,Orange_Ripe_084,Otsu + Morphology 7x7,0.0,0.0,0.0,0.0,56.14987198244331
Orange,Ripe,Orange_Ripe_084,FABR_A,0.0,0.0,0.0,0.0,1.3752743233357718
Orange,Ripe,Orange_Ripe_084,FABR_B,0.0,0.0,0.0,0.0,1.9390087783467447
Orange,Ripe,Orange_Ripe_084,FABR_C,0.0,0.0,0.0,0.0,2.9530907095830288
Orange,Ripe,Orange_Ripe_084,FABR_D,0.0,0.0,0.0,0.0,4.390544989027067
Orange,Ripe,Orange_Ripe_084,FABR_E,0.0,0.0,0.0,0.0,2.747805413313826
Orange,Rotten,Orange_Rotten_084,Original Otsu,0.7446514630594382,0.8536392268901778,0.8767101495386573,0.8317514086396566,49.080403928236805
Orange,Rotten,Orange_Rotten_084,Otsu + Morphology 7x7,0.7479158515664971,0.8557801577189297,0.8793079046068927,0.833478669170915,49.03702675504042
Orange,Rotten,Orange_Rotten_084,FABR_A,0.37344322344322345,0.5438058407787705,0.9812748829680186,0.376123557821304,19.829440954991846
Orange,Rotten,Orange_Rotten_084,FABR_B,0.3826340326340326,0.5534856275815561,0.9817164338502286,0.3853803327072713,20.308324947079846
Orange,Rotten,Orange_Rotten_084,FABR_C,0.43993503803258044,0.6110484520658304,0.9739159145938807,0.4451804400321975,23.64749973973696
Orange,Rotten,Orange_Rotten_084,FABR_D,0.4458232143451213,0.6167050161067649,0.9821899736147758,0.4494566675610411,23.67352604365479
Orange,Rotten,Orange_Rotten_084,FABR_E,0.3941058941058941,0.5653887495521318,0.9822391899742717,0.39693453179500937,20.906062393725925
Peach,Overripe,Peach_Overripe_084,Original Otsu,0.09433152158003102,0.1724002639416475,0.09637797473654826,0.8162627712572827,41.64645994917872
Peach,Overripe,Peach_Overripe_084,Otsu + Morphology 7x7,0.09437221831810728,0.17246822742474915,0.09641810095530604,0.8164316473866419,41.637740612180494
Peach,Overripe,Peach_Overripe_084,FABR_A,0.1977007039979332,0.3301337359792925,0.2097102011920802,0.775394747952377,18.18147846738968
Peach,Overripe,Peach_Overripe_084,FABR_B,0.19169015810761122,0.3217114059446673,0.20182815356489944,0.792366798952968,19.30502732058926
Peach,Overripe,Peach_Overripe_084,FABR_C,0.16929667975722956,0.2895701025891549,0.17673915879316449,0.8008106054209237,22.280397269601902
Peach,Overripe,Peach_Overripe_084,FABR_D,0.1643995603187689,0.2823765413888725,0.17107214984004432,0.8082411551127248,23.232050621979372
Peach,Overripe,Peach_Overripe_084,FABR_E,0.18508022749037464,0.31235054504675364,0.19408123949665942,0.7996284725154099,20.25958711863281
Peach,Ripe,Peach_Ripe_084,Original Otsu,0.1337128090515435,0.2358847990143231,0.1337128090515435,1.0,18.065965124788654
Peach,Ripe,Peach_Ripe_084,Otsu + Morphology 7x7,0.13690156959490865,0.2408327567771558,0.13690156959490865,1.0,17.645166174577938
Peach,Ripe,Peach_Ripe_084,FABR_A,0.1899870993351196,0.3193095109035567,0.1899870993351196,1.0,12.714815655992126
Peach,Ripe,Peach_Ripe_084,FABR_B,0.18087769852142283,0.30634450756060483,0.18087769852142283,1.0,13.355161884573649
Peach,Ripe,Peach_Ripe_084,FABR_C,0.16860413914575076,0.28855646407174346,0.16860413914575076,1.0,14.32735256264668
Peach,Ripe,Peach_Ripe_084,FABR_D,0.16219078278549645,0.2791121478295732,0.16219078278549645,1.0,14.893885482120774
Peach,Ripe,Peach_Ripe_084,FABR_E,0.17348556929908024,0.29567567567567565,0.17348556929908024,1.0,13.92421833598304
Peach,Rotten,Peach_Rotten_084,Original Otsu,0.1968533228298212,0.3289514580857482,0.20336837345992992,0.860038240917782,25.236188128979258
Peach,Rotten,Peach_Rotten_084,Otsu + Morphology 7x7,0.2007091724091791,0.33431771326684123,0.20746409718540376,0.8604206500956023,24.748978800118664
Peach,Rotten,Peach_Rotten_084,FABR_A,0.12971889882680915,0.22964809911831993,0.15705094399324965,0.42705544933078393,16.226809064147325
Peach,Rotten,Peach_Rotten_084,FABR_B,0.14257452946833357,0.24956714120815698,0.16672021591055133,0.49608030592734226,17.756326875242465
Peach,Rotten,Peach_Rotten_084,FABR_C,0.15983774902444034,0.2756208774182124,0.17933060660176278,0.5952198852772467,19.806713676091373
Peach,Rotten,Peach_Rotten_084,FABR_D,0.16951120985659462,0.28988385648288073,0.1872176677262841,0.6418738049713193,20.459368795782844
Peach,Rotten,Peach_Rotten_084,FABR_E,0.15727174685009337,0.27179743613055735,0.1782860209923664,0.5716061185468452,19.132379452773783
Pear,Overripe,Pear_Overripe_032,Original Otsu,0.2814442217263593,0.43926097906500866,0.33057912427998165,0.6544042210171479,41.43332188082851
Pear,Overripe,Pear_Overripe_032,Otsu + Morphology 7x7,0.28726297742887713,0.44631591596403036,0.33895082665368764,0.6532317162538472,40.33756257975852
Pear,Overripe,Pear_Overripe_032,FABR_A,0.3393639607896282,0.5067539081603399,0.596608958068615,0.44042210171478824,15.451065082948856
Pear,Overripe,Pear_Overripe_032,FABR_B,0.343273587643133,0.5111000332336324,0.5900249376558604,0.45079876886999853,15.991582408952587
Pear,Overripe,Pear_Overripe_032,FABR_C,0.34440759846065666,0.5123559236871356,0.53307775172676,0.49318481606331527,19.364140571316383
Pear,Overripe,Pear_Overripe_032,FABR_D,0.3458476915946235,0.513947742756607,0.5253137434955617,0.5030631686941228,20.043928536369883
Pear,Overripe,Pear_Overripe_032,FABR_E,0.34377614371890275,0.5116568638694562,0.5800089146423,0.4577165469734721,16.517375085893786
Pear,Ripe,Pear_Ripe_047,Original Otsu,0.060004058899136355,0.11321477195371,0.06071391902529176,0.8369240446611103,67.49907595638514
Pear,Ripe,Pear_Ripe_047,Otsu + Morphology 7x7,0.06077404434770779,0.11458433522490462,0.061469488843534294,0.8430570844472401,67.15794985523317
Pear,Ripe,Pear_Ripe_047,FABR_A,0.12019183713418811,0.2145915246832678,0.24144710971293748,0.1931121245478849,3.916404854309123
Pear,Ripe,Pear_Ripe_047,FABR_B,0.13473123262279887,0.23746809596733026,0.33847497089639117,0.18289039157100173,2.645844883878519
Pear,Ripe,Pear_Ripe_047,FABR_C,0.17094811559912118,0.2919823915710471,0.26980528140837556,0.3181317817266866,5.773732520174953
Pear,Ripe,Pear_Ripe_047,FABR_D,0.16045129618465248,0.27653258126762653,0.261841180604357,0.29297059286051264,5.478808599765909
Pear,Ripe,Pear_Ripe_047,FABR_E,0.13377163558298671,0.23597633136094676,0.476805356288857,0.1567856581223463,1.6101459988911475
Pear,Rotten,Pear_Rotten_084,Original Otsu,0.080065954713653,0.14826123231498411,0.11583750572114118,0.20589177862689512,40.61021493263642
Pear,Rotten,Pear_Rotten_084,Otsu + Morphology 7x7,0.07713983458357376,0.14323086401014276,0.1122823226384456,0.19773203500554665,40.23565989275898
Pear,Rotten,Pear_Rotten_084,FABR_A,0.03385848086189162,0.06549925640434846,0.056940473805925304,0.07708615801799582,30.931487405938814
Pear,Rotten,Pear_Rotten_084,FABR_B,0.031925601750547046,0.06187578192921818,0.054285342213457856,0.07193393319363983,30.275875275987925
Pear,Rotten,Pear_Rotten_084,FABR_C,0.04364241042481541,0.08363479672515557,0.07045892006888867,0.10287193393319365,33.358491416212324
Pear,Rotten,Pear_Rotten_084,FABR_D,0.041362143840694844,0.07943853938869959,0.06761904761904762,0.09626525329717738,32.527148199882845
Pear,Rotten,Pear_Rotten_084,FABR_E,0.029718910931486608,0.05772237572019105,0.051029102683051525,0.06643658326143227,29.74642905420628
