fruit,category,image,method,gt_damage_percentage,raw_damage_percentage,predicted_damage_percentage,absolute_error,intensity_weight,colour_weight,texture_weight
Apple,Overripe,Apple_Overripe_084,AWDP_A,0.0,36.79901794784964,17.375515564150863,17.375515564150863,0.5,0.3,0.2
Apple,Overripe,Apple_Overripe_084,AWDP_B,0.0,36.79901794784964,18.4297533096639,18.4297533096639,0.4,0.4,0.2
Apple,Overripe,Apple_Overripe_084,AWDP_C,0.0,36.79901794784964,16.801805764265154,16.801805764265154,0.4,0.3,0.3
Apple,Overripe,Apple_Overripe_084,AWDP_D,0.0,36.79901794784964,17.05138808785557,17.05138808785557,0.33,0.34,0.33
Apple,Overripe,Apple_Overripe_084,AWDP_E,0.0,36.79901794784964,19.48399105517694,19.48399105517694,0.3,0.5,0.2
Apple,Ripe,Apple_Ripe_084,AWDP_A,0.0,71.38694816487171,20.61711825842054,20.61711825842054,0.5,0.3,0.2
Apple,Ripe,Apple_Ripe_084,AWDP_B,0.0,71.38694816487171,21.24563903184779,21.24563903184779,0.4,0.4,0.2
Apple,Ripe,Apple_Ripe_084,AWDP_C,0.0,71.38694816487171,20.65863341195808,20.65863341195808,0.4,0.3,0.3
Apple,Ripe,Apple_Ripe_084,AWDP_D,0.0,71.38694816487171,20.92249626739024,20.92249626739024,0.33,0.34,0.33
Apple,Ripe,Apple_Ripe_084,AWDP_E,0.0,71.38694816487171,21.87415682586112,21.87415682586112,0.3,0.5,0.2
Apple,Rotten,Apple_Rotten_084,AWDP_A,32.38764953119948,63.24630886949024,14.766951868382233,17.620697662817246,0.5,0.3,0.2
Apple,Rotten,Apple_Rotten_084,AWDP_B,32.38764953119948,63.24630886949024,15.965524733689648,16.42212479750983,0.4,0.4,0.2
Apple,Rotten,Apple_Rotten_084,AWDP_C,32.38764953119948,63.24630886949024,15.2134576816602,17.174191849539277,0.4,0.3,0.3
Apple,Rotten,Apple_Rotten_084,AWDP_D,32.38764953119948,63.24630886949024,15.826837650878328,16.56081188032115,0.33,0.34,0.33
Apple,Rotten,Apple_Rotten_084,AWDP_E,32.38764953119948,63.24630886949024,17.16410023010629,15.22354930109319,0.3,0.5,0.2
Banana,Overripe,Banana_Overripe_084,AWDP_A,23.818819668420755,66.2918010524529,15.924406227012957,7.8944134414077975,0.5,0.3,0.2
Banana,Overripe,Banana_Overripe_084,AWDP_B,23.818819668420755,66.2918010524529,17.031994868584846,6.786824799835909,0.4,0.4,0.2
Banana,Overripe,Banana_Overripe_084,AWDP_C,23.818819668420755,66.2918010524529,16.797198255283483,7.021621413137272,0.4,0.3,0.3
Banana,Overripe,Banana_Overripe_084,AWDP_D,23.818819668420755,66.2918010524529,17.50207021524713,6.316749453173625,0.33,0.34,0.33
Banana,Overripe,Banana_Overripe_084,AWDP_E,23.818819668420755,66.2918010524529,18.139583510156736,5.679236158264018,0.3,0.5,0.2
Banana,Ripe,Banana_Ripe_084,AWDP_A,0.0,47.27919108189224,12.86986763858618,12.86986763858618,0.5,0.3,0.2
Banana,Ripe,Banana_Ripe_084,AWDP_B,0.0,47.27919108189224,14.141602330128093,14.141602330128093,0.4,0.4,0.2
Banana,Ripe,Banana_Ripe_084,AWDP_C,0.0,47.27919108189224,13.390946671062151,13.390946671062151,0.4,0.3,0.3
Banana,Ripe,Banana_Ripe_084,AWDP_D,0.0,47.27919108189224,14.055964693574033,14.055964693574033,0.33,0.34,0.33
Banana,Ripe,Banana_Ripe_084,AWDP_E,0.0,47.27919108189224,15.413335277060705,15.413335277060705,0.3,0.5,0.2
Banana,Rotten,Banana_Rotten_084,AWDP_A,29.234951150330918,77.15940299851425,25.587346658890866,3.6476044914400525,0.5,0.3,0.2
Banana,Rotten,Banana_Rotten_084,AWDP_B,29.234951150330918,77.15940299851425,22.511306686439152,6.723644463891766,0.4,0.4,0.2
Banana,Rotten,Banana_Rotten_084,AWDP_C,29.234951150330918,77.15940299851425,23.153214834428887,6.081736315902031,0.4,0.3,0.3
Banana,Rotten,Banana_Rotten_084,AWDP_D,29.234951150330918,77.15940299851425,21.192558198921706,8.042392951409212,0.33,0.34,0.33
Banana,Rotten,Banana_Rotten_084,AWDP_E,29.234951150330918,77.15940299851425,19.43526451561163,9.799686634719286,0.3,0.5,0.2
Grape,Overripe,Grape_Overripe_084,AWDP_A,14.102967940641186,52.91194176116477,20.496844457642098,6.393876517000912,0.5,0.3,0.2
Grape,Overripe,Grape_Overripe_084,AWDP_B,14.102967940641186,52.91194176116477,20.72801756855488,6.625049627913693,0.4,0.4,0.2
Grape,Overripe,Grape_Overripe_084,AWDP_C,14.102967940641186,52.91194176116477,19.568689680893883,5.465721740252697,0.4,0.3,0.3
Grape,Overripe,Grape_Overripe_084,AWDP_D,14.102967940641186,52.91194176116477,19.382711466864414,5.279743526223228,0.33,0.34,0.33
Grape,Overripe,Grape_Overripe_084,AWDP_E,14.102967940641186,52.91194176116477,20.959188970517463,6.856221029876277,0.3,0.5,0.2
Grape,Ripe,Grape_Ripe_094,AWDP_A,0.0,70.86026023705335,20.122357986241923,20.122357986241923,0.5,0.3,0.2
Grape,Ripe,Grape_Ripe_094,AWDP_B,0.0,70.86026023705335,20.525446490023764,20.525446490023764,0.4,0.4,0.2
Grape,Ripe,Grape_Ripe_094,AWDP_C,0.0,70.86026023705335,20.716208282920856,20.716208282920856,0.4,0.3,0.3
Grape,Ripe,Grape_Ripe_094,AWDP_D,0.0,70.86026023705335,21.055596792408064,21.055596792408064,0.33,0.34,0.33
Grape,Ripe,Grape_Ripe_094,AWDP_E,0.0,70.86026023705335,20.928534993805606,20.928534993805606,0.3,0.5,0.2
Grape,Rotten,Grape_Rotten_064,AWDP_A,31.514435695538058,89.50656167979002,19.741126353346456,11.773309342191602,0.5,0.3,0.2
Grape,Rotten,Grape_Rotten_064,AWDP_B,31.514435695538058,89.50656167979002,18.79375948367782,12.720676211860237,0.4,0.4,0.2
Grape,Rotten,Grape_Rotten_064,AWDP_C,31.514435695538058,89.50656167979002,18.581519900344485,12.932915795193573,0.4,0.3,0.3
Grape,Rotten,Grape_Rotten_064,AWDP_D,31.514435695538058,89.50656167979002,17.854692113681104,13.659743581856954,0.33,0.34,0.33
Grape,Rotten,Grape_Rotten_064,AWDP_E,31.514435695538058,89.50656167979002,17.846395177165356,13.668040518372703,0.3,0.5,0.2
Guava,Class_A,Guava_Class_A_084,AWDP_A,0.0,37.33495482974288,14.658932379889825,14.658932379889825,0.5,0.3,0.2
Guava,Class_A,Guava_Class_A_084,AWDP_B,0.0,37.33495482974288,15.585347649011178,15.585347649011178,0.4,0.4,0.2
Guava,Class_A,Guava_Class_A_084,AWDP_C,0.0,37.33495482974288,14.709912358209548,14.709912358209548,0.4,0.3,0.3
Guava,Class_A,Guava_Class_A_084,AWDP_D,0.0,37.33495482974288,15.09577415595321,15.09577415595321,0.33,0.34,0.33
Guava,Class_A,Guava_Class_A_084,AWDP_E,0.0,37.33495482974288,16.51176150429986,16.51176150429986,0.3,0.5,0.2
Guava,Class_B,Guava_Class_B_084,AWDP_A,10.054198349781588,21.799061640511244,10.559147993852127,0.504949644070539,0.5,0.3,0.2
Guava,Class_B,Guava_Class_B_084,AWDP_B,10.054198349781588,21.799061640511244,11.567407301609773,1.5132089518281848,0.4,0.4,0.2
Guava,Class_B,Guava_Class_B_084,AWDP_C,10.054198349781588,21.799061640511244,10.944235295158549,0.890036945376961,0.4,0.3,0.3
Guava,Class_B,Guava_Class_B_084,AWDP_D,10.054198349781588,21.799061640511244,11.463063944699483,1.408865594917895,0.33,0.34,0.33
Guava,Class_B,Guava_Class_B_084,AWDP_E,10.054198349781588,21.799061640511244,12.575665819396134,2.521467469614546,0.3,0.5,0.2
Guava,Defect,Guava_Defect_084,AWDP_A,19.262295081967213,43.16134395298484,18.349467406433654,0.9128276755335598,0.5,0.3,0.2
Guava,Defect,Guava_Defect_084,AWDP_B,19.262295081967213,43.16134395298484,19.90425730503789,0.6419622230706779,0.4,0.4,0.2
Guava,Defect,Guava_Defect_084,AWDP_C,19.262295081967213,43.16134395298484,18.55205957121868,0.7102355107485323,0.4,0.3,0.3
Guava,Defect,Guava_Defect_084,AWDP_D,19.262295081967213,43.16134395298484,19.23475280251991,0.02754227944730303,0.33,0.34,0.33
Guava,Defect,Guava_Defect_084,AWDP_E,19.262295081967213,43.16134395298484,21.45904720364213,2.1967521216749155,0.3,0.5,0.2
Mango,Overripe,Mango_Overripe_084,AWDP_A,53.33374979177078,49.531484257871064,20.176162732435866,33.157587059334915,0.5,0.3,0.2
Mango,Overripe,Mango_Overripe_084,AWDP_B,53.33374979177078,49.531484257871064,21.42963959101179,31.90411020075899,0.4,0.4,0.2
Mango,Overripe,Mango_Overripe_084,AWDP_C,53.33374979177078,49.531484257871064,20.87377535190738,32.4599744398634,0.4,0.3,0.3
Mango,Overripe,Mango_Overripe_084,AWDP_D,53.33374979177078,49.531484257871064,21.584451101272283,31.749298690498495,0.33,0.34,0.33
Mango,Overripe,Mango_Overripe_084,AWDP_E,53.33374979177078,49.531484257871064,22.683116449587708,30.65063334218307,0.3,0.5,0.2
Mango,Ripe,Mango_Ripe_064,AWDP_A,0.0,48.82175166910283,12.615316009189941,12.615316009189941,0.5,0.3,0.2
Mango,Ripe,Mango_Ripe_064,AWDP_B,0.0,48.82175166910283,14.910738453005868,14.910738453005868,0.4,0.4,0.2
Mango,Ripe,Mango_Ripe_064,AWDP_C,0.0,48.82175166910283,13.248017631750484,13.248017631750484,0.4,0.3,0.3
Mango,Ripe,Mango_Ripe_064,AWDP_D,0.0,48.82175166910283,14.3559953599682,14.3559953599682,0.33,0.34,0.33
Mango,Ripe,Mango_Ripe_064,AWDP_E,0.0,48.82175166910283,17.20615896784755,17.20615896784755,0.3,0.5,0.2
Mango,Rotten,Mango_Rotten_084,AWDP_A,14.752855103497502,51.55171901023079,14.993815452690043,0.24096034919254095,0.5,0.3,0.2
Mango,Rotten,Mango_Rotten_084,AWDP_B,14.752855103497502,51.55171901023079,15.983951486010737,1.2310963825132344,0.4,0.4,0.2
Mango,Rotten,Mango_Rotten_084,AWDP_C,14.752855103497502,51.55171901023079,15.305014879624673,0.552159776127171,0.4,0.3,0.3
Mango,Rotten,Mango_Rotten_084,AWDP_D,14.752855103497502,51.55171901023079,15.79442737841646,1.0415722749189573,0.33,0.34,0.33
Mango,Rotten,Mango_Rotten_084,AWDP_E,14.752855103497502,51.55171901023079,16.97408751933143,2.221232415833928,0.3,0.5,0.2
Melon,Overripe,Melon_Overripe_014,AWDP_A,0.0,82.485211170725,17.995116784461413,17.995116784461413,0.5,0.3,0.2
Melon,Overripe,Melon_Overripe_014,AWDP_B,0.0,82.485211170725,19.0394770923614,19.0394770923614,0.4,0.4,0.2
Melon,Overripe,Melon_Overripe_014,AWDP_C,0.0,82.485211170725,19.379187570934793,19.379187570934793,0.4,0.3,0.3
Melon,Overripe,Melon_Overripe_014,AWDP_D,0.0,82.485211170725,20.212152795690606,20.212152795690606,0.33,0.34,0.33
Melon,Overripe,Melon_Overripe_014,AWDP_E,0.0,82.485211170725,20.083837400261384,20.083837400261384,0.3,0.5,0.2
Melon,Ripe,Melon_Ripe_084,AWDP_A,0.0,34.44663752995911,13.849703547952204,13.849703547952204,0.5,0.3,0.2
Melon,Ripe,Melon_Ripe_084,AWDP_B,0.0,34.44663752995911,15.278052525377134,15.278052525377134,0.4,0.4,0.2
Melon,Ripe,Melon_Ripe_084,AWDP_C,0.0,34.44663752995911,14.903976631890597,14.903976631890597,0.4,0.3,0.3
Melon,Ripe,Melon_Ripe_084,AWDP_D,0.0,34.44663752995911,15.791598010362328,15.791598010362328,0.33,0.34,0.33
Melon,Ripe,Melon_Ripe_084,AWDP_E,0.0,34.44663752995911,16.706402879599604,16.706402879599604,0.3,0.5,0.2
Melon,Rotten,Melon_Rotten_010,AWDP_A,20.547226185028666,69.17848779306075,19.121800063003015,1.4254261220256517,0.5,0.3,0.2
Melon,Rotten,Melon_Rotten_010,AWDP_B,20.547226185028666,69.17848779306075,19.127272871608437,1.4199533134202298,0.4,0.4,0.2
Melon,Rotten,Melon_Rotten_010,AWDP_C,20.547226185028666,69.17848779306075,20.136996859102045,0.41022932592662187,0.4,0.3,0.3
Melon,Rotten,Melon_Rotten_010,AWDP_D,20.547226185028666,69.17848779306075,20.443744889942398,0.10348129508626869,0.33,0.34,0.33
Melon,Rotten,Melon_Rotten_010,AWDP_E,20.547226185028666,69.17848779306075,19.13274436589863,1.4144818191300352,0.3,0.5,0.2
Orange,Overripe,Orange_Overripe_084,AWDP_A,48.70793423141935,58.23515853096348,21.735733673903855,26.972200557515496,0.5,0.3,0.2
Orange,Overripe,Orange_Overripe_084,AWDP_B,48.70793423141935,58.23515853096348,20.919804025220255,27.788130206199096,0.4,0.4,0.2
Orange,Overripe,Orange_Overripe_084,AWDP_C,48.70793423141935,58.23515853096348,20.433639919501996,28.274294311917355,0.4,0.3,0.3
Orange,Overripe,Orange_Overripe_084,AWDP_D,48.70793423141935,58.23515853096348,19.71663580696486,28.99129842445449,0.33,0.34,0.33
Orange,Overripe,Orange_Overripe_084,AWDP_E,48.70793423141935,58.23515853096348,20.10386937442376,28.604064856995592,0.3,0.5,0.2
Orange,Ripe,Orange_Ripe_084,AWDP_A,0.0,56.14987198244331,10.826391905175567,10.826391905175567,0.5,0.3,0.2
Orange,Ripe,Orange_Ripe_084,AWDP_B,0.0,56.14987198244331,12.08051568500823,12.08051568500823,0.4,0.4,0.2
Orange,Ripe,Orange_Ripe_084,AWDP_C,0.0,56.14987198244331,12.318276863684162,12.318276863684162,0.4,0.3,0.3
Orange,Ripe,Orange_Ripe_084,AWDP_D,0.0,56.14987198244331,13.26748918423098,13.26748918423098,0.33,0.34,0.33
Orange,Ripe,Orange_Ripe_084,AWDP_E,0.0,56.14987198244331,13.334638571861285,13.334638571861285,0.3,0.5,0.2
Orange,Rotten,Orange_Rotten_084,AWDP_A,51.733351840927234,49.03702675504042,18.88675331618489,32.84659852474235,0.5,0.3,0.2
Orange,Rotten,Orange_Rotten_084,AWDP_B,51.733351840927234,49.03702675504042,20.126235707221433,31.6071161337058,0.4,0.4,0.2
Orange,Rotten,Orange_Rotten_084,AWDP_C,51.733351840927234,49.03702675504042,20.402278887570706,31.33107295335653,0.4,0.3,0.3
Orange,Rotten,Orange_Rotten_084,AWDP_D,51.733351840927234,49.03702675504042,21.35272866819065,30.380623172736584,0.33,0.34,0.33
Orange,Rotten,Orange_Rotten_084,AWDP_E,51.733351840927234,49.03702675504042,21.36571809825797,30.367633742669263,0.3,0.5,0.2
Peach,Overripe,Peach_Overripe_084,AWDP_A,4.917290860473999,41.637740612180494,15.421419051336136,10.504128190862136,0.5,0.3,0.2
Peach,Overripe,Peach_Overripe_084,AWDP_B,4.917290860473999,41.637740612180494,16.718347444300043,11.801056583826044,0.4,0.4,0.2
Peach,Overripe,Peach_Overripe_084,AWDP_C,4.917290860473999,41.637740612180494,15.668541540374683,10.751250679900684,0.4,0.3,0.3
Peach,Overripe,Peach_Overripe_084,AWDP_D,4.917290860473999,41.637740612180494,16.261448346751425,11.344157486277426,0.33,0.34,0.33
Peach,Overripe,Peach_Overripe_084,AWDP_E,4.917290860473999,41.637740612180494,18.015274215363473,13.097983354889474,0.3,0.5,0.2
Peach,Ripe,Peach_Ripe_084,AWDP_A,2.4156509450627097,17.645166174577938,9.595234226151046,7.179583281088336,0.5,0.3,0.2
Peach,Ripe,Peach_Ripe_084,AWDP_B,2.4156509450627097,17.645166174577938,10.258853506211043,7.843202561148333,0.4,0.4,0.2
Peach,Ripe,Peach_Ripe_084,AWDP_C,2.4156509450627097,17.645166174577938,9.870124235645834,7.454473290583124,0.4,0.3,0.3
Peach,Ripe,Peach_Ripe_084,AWDP_D,2.4156509450627097,17.645166174577938,10.218039566614934,7.802388621552224,0.33,0.34,0.33
Peach,Ripe,Peach_Ripe_084,AWDP_E,2.4156509450627097,17.645166174577938,10.922472170174375,8.506821225111665,0.3,0.5,0.2
Peach,Rotten,Peach_Rotten_084,AWDP_A,5.9674585244517475,24.748978800118664,11.910692968268638,5.94323444381689,0.5,0.3,0.2
Peach,Rotten,Peach_Rotten_084,AWDP_B,5.9674585244517475,24.748978800118664,12.816330390965518,6.848871866513771,0.4,0.4,0.2
Peach,Rotten,Peach_Rotten_084,AWDP_C,5.9674585244517475,24.748978800118664,12.123925048064855,6.1564665236131075,0.4,0.3,0.3
Peach,Rotten,Peach_Rotten_084,AWDP_D,5.9674585244517475,24.748978800118664,12.550148526819333,6.582690002367586,0.33,0.34,0.33
Peach,Rotten,Peach_Rotten_084,AWDP_E,5.9674585244517475,24.748978800118664,13.7219678136624,7.754509289210653,0.3,0.5,0.2
Pear,Overripe,Pear_Overripe_032,AWDP_A,20.930475115343082,40.33756257975852,17.496875805254245,3.4335993100888373,0.5,0.3,0.2
Pear,Overripe,Pear_Overripe_032,AWDP_B,20.930475115343082,40.33756257975852,18.515651841808186,2.4148232735348962,0.4,0.4,0.2
Pear,Overripe,Pear_Overripe_032,AWDP_C,20.930475115343082,40.33756257975852,18.276778921664867,2.653696193678215,0.4,0.3,0.3
Pear,Overripe,Pear_Overripe_032,AWDP_D,20.930475115343082,40.33756257975852,18.91826338677665,2.012211728566431,0.33,0.34,0.33
Pear,Overripe,Pear_Overripe_032,AWDP_E,20.930475115343082,40.33756257975852,19.534430274952143,1.396044840390939,0.3,0.5,0.2
Pear,Ripe,Pear_Ripe_047,AWDP_A,4.896661122404977,67.15794985523317,7.934647767327744,3.037986644922767,0.5,0.3,0.2
Pear,Ripe,Pear_Ripe_047,AWDP_B,4.896661122404977,67.15794985523317,8.446806159953875,3.550145037548898,0.4,0.4,0.2
Pear,Ripe,Pear_Ripe_047,AWDP_C,4.896661122404977,67.15794985523317,8.712775510582224,3.8161143881772475,0.4,0.3,0.3
Pear,Ripe,Pear_Ripe_047,AWDP_D,4.896661122404977,67.15794985523317,9.151077341006745,4.254416218601769,0.33,0.34,0.33
Pear,Ripe,Pear_Ripe_047,AWDP_E,4.896661122404977,67.15794985523317,8.958963800591388,4.062302678186411,0.3,0.5,0.2
Pear,Rotten,Pear_Rotten_084,AWDP_A,22.847857432523767,40.23565989275898,22.040957980838552,0.806899451685215,0.5,0.3,0.2
Pear,Rotten,Pear_Rotten_084,AWDP_B,22.847857432523767,40.23565989275898,22.21284098941671,0.6350164431070588,0.4,0.4,0.2
Pear,Rotten,Pear_Rotten_084,AWDP_C,22.847857432523767,40.23565989275898,20.609479639554138,2.2383777929696294,0.4,0.3,0.3
Pear,Rotten,Pear_Rotten_084,AWDP_D,22.847857432523767,40.23565989275898,20.248790000647727,2.5990674318760405,0.33,0.34,0.33
Pear,Rotten,Pear_Rotten_084,AWDP_E,22.847857432523767,40.23565989275898,22.38472399799486,0.4631334345289062,0.3,0.5,0.2
