fruit,category,image,relative_path,processed_path,mask_path,method_baseline,prediction_baseline,distance_baseline,correct_baseline,baseline_confidence_baseline,texture_confidence_baseline,pairwise_rule_available_baseline,texture_correction_applied_baseline,method_proposed,prediction_proposed,distance_proposed,correct_proposed,baseline_confidence_proposed,texture_confidence_proposed,pairwise_rule_available_proposed,texture_correction_applied_proposed,roi_area_ratio,roi_bbox_width_ratio,roi_bbox_height_ratio,roi_largest_component_fraction,roi_valid_for_demo,roi_quality_reason,demo_priority
Apple,Overripe,Apple_Overripe_048.jpg,Apple/Overripe/Apple_Overripe_048.jpg,C:\Users\HP\OneDrive\Documents\ip-asgm\results\preprocessing\MedianFinal\ProcessedImages\Apple\Overripe\Apple_Overripe_048.jpg,C:\Users\HP\OneDrive\Documents\ip-asgm\results\preprocessing\MedianFinal\ROIMasks\Apple\Overripe\Apple_Overripe_048_mask.png,Colour_Texture_Fusion,Ripe,4.574985695446296,False,,,,,Proposed_PTD_Plus,Overripe,4.574985695446296,True,0.0811139968148823,0.4621171572600098,True,True,0.4224111111111111,0.8933333333333333,0.6733333333333333,1.0,True,ok,3
Banana,Rotten,Banana_Rotten_046.jpg,Banana/Rotten/Banana_Rotten_046.jpg,C:\Users\HP\OneDrive\Documents\ip-asgm\results\preprocessing\MedianFinal\ProcessedImages\Banana\Rotten\Banana_Rotten_046.jpg,C:\Users\HP\OneDrive\Documents\ip-asgm\results\preprocessing\MedianFinal\ROIMasks\Banana\Rotten\Banana_Rotten_046_mask.png,Colour_Texture_Fusion,Overripe,4.93021725201402,False,,,,,Proposed_PTD_Plus,Rotten,4.93021725201402,True,0.12763754139936223,0.4621171572600098,True,True,0.5182555555555556,0.84,0.73,1.0,True,ok,3
Grape,Rotten,Grape_Rotten_030.jpg,Grape/Rotten/Grape_Rotten_030.jpg,C:\Users\HP\OneDrive\Documents\ip-asgm\results\preprocessing\MedianFinal\ProcessedImages\Grape\Rotten\Grape_Rotten_030.jpg,C:\Users\HP\OneDrive\Documents\ip-asgm\results\preprocessing\MedianFinal\ROIMasks\Grape\Rotten\Grape_Rotten_030_mask.png,Colour_Texture_Fusion,Overripe,4.98334673745698,False,,,,,Proposed_PTD_Plus,Rotten,4.98334673745698,True,0.01260327628253105,0.4621171572600098,True,True,0.3875777777777778,0.8833333333333333,0.66,1.0,True,ok,3
Guava,Class_B,Guava_Class_B_080.jpg,Guava/Class_B/Guava_Class_B_080.jpg,C:\Users\HP\OneDrive\Documents\ip-asgm\results\preprocessing\MedianFinal\ProcessedImages\Guava\Class_B\Guava_Class_B_080.jpg,C:\Users\HP\OneDrive\Documents\ip-asgm\results\preprocessing\MedianFinal\ROIMasks\Guava\Class_B\Guava_Class_B_080_mask.png,Colour_Texture_Fusion,Class_B,4.239318731677479,True,,,,,Proposed_PTD_Plus,Class_B,4.239318731677479,True,0.2882181875222172,0.0,False,False,0.6720777777777778,0.8433333333333334,0.83,1.0,True,ok,2
Mango,Rotten,Mango_Rotten_026.jpg,Mango/Rotten/Mango_Rotten_026.jpg,C:\Users\HP\OneDrive\Documents\ip-asgm\results\preprocessing\MedianFinal\ProcessedImages\Mango\Rotten\Mango_Rotten_026.jpg,C:\Users\HP\OneDrive\Documents\ip-asgm\results\preprocessing\MedianFinal\ROIMasks\Mango\Rotten\Mango_Rotten_026_mask.png,Colour_Texture_Fusion,Overripe,9.581977134344074,False,,,,,Proposed_PTD_Plus,Rotten,9.581977134344074,True,0.043917522888786864,0.4621171572600098,True,True,0.3954888888888889,0.6966666666666667,0.7533333333333333,1.0,True,ok,3
Melon,Unripe,Melon_Unripe_085.jpg,Melon/Unripe/Melon_Unripe_085.jpg,C:\Users\HP\OneDrive\Documents\ip-asgm\results\preprocessing\MedianFinal\ProcessedImages\Melon\Unripe\Melon_Unripe_085.jpg,C:\Users\HP\OneDrive\Documents\ip-asgm\results\preprocessing\MedianFinal\ROIMasks\Melon\Unripe\Melon_Unripe_085_mask.png,Colour_Texture_Fusion,Overripe,5.69826604901281,False,,,,,Proposed_PTD_Plus,Unripe,5.69826604901281,True,0.08125340257602637,0.4621171572600098,True,True,0.6967,0.8933333333333333,0.9,1.0,True,ok,3
Orange,Overripe,Orange_Overripe_020.jpg,Orange/Overripe/Orange_Overripe_020.jpg,C:\Users\HP\OneDrive\Documents\ip-asgm\results\preprocessing\MedianFinal\ProcessedImages\Orange\Overripe\Orange_Overripe_020.jpg,C:\Users\HP\OneDrive\Documents\ip-asgm\results\preprocessing\MedianFinal\ROIMasks\Orange\Overripe\Orange_Overripe_020_mask.png,Colour_Texture_Fusion,Rotten,5.4294371748702295,False,,,,,Proposed_PTD_Plus,Overripe,5.4294371748702295,True,0.2399030912016918,0.4621171572600098,True,True,0.48502222222222224,0.8833333333333333,0.85,1.0,True,ok,3
Peach,Unripe,Peach_Unripe_022.jpg,Peach/Unripe/Peach_Unripe_022.jpg,C:\Users\HP\OneDrive\Documents\ip-asgm\results\preprocessing\MedianFinal\ProcessedImages\Peach\Unripe\Peach_Unripe_022.jpg,C:\Users\HP\OneDrive\Documents\ip-asgm\results\preprocessing\MedianFinal\ROIMasks\Peach\Unripe\Peach_Unripe_022_mask.png,Colour_Texture_Fusion,Overripe,5.81754813422663,False,,,,,Proposed_PTD_Plus,Unripe,5.81754813422663,True,0.016483329069342467,0.4621171572600098,True,True,0.6838666666666666,0.9,0.8566666666666667,1.0,True,ok,3
Pear,Unripe,Pear_Unripe_034.jpg,Pear/Unripe/Pear_Unripe_034.jpg,C:\Users\HP\OneDrive\Documents\ip-asgm\results\preprocessing\MedianFinal\ProcessedImages\Pear\Unripe\Pear_Unripe_034.jpg,C:\Users\HP\OneDrive\Documents\ip-asgm\results\preprocessing\MedianFinal\ROIMasks\Pear\Unripe\Pear_Unripe_034_mask.png,Colour_Texture_Fusion,Overripe,5.45453894443337,False,,,,,Proposed_PTD_Plus,Unripe,5.45453894443337,True,0.06191596811746597,0.4621171572600098,True,True,0.5947,0.9,0.8766666666666667,1.0,True,ok,3
