fruit,category,image,method,window_size,darkness_weight,local_contrast_weight,iou,dice,precision,recall
Apple,Ripe,Apple_Ripe_084.jpg,Original Otsu,,,,0.0,0.0,0.0,0.0
Apple,Ripe,Apple_Ripe_084.jpg,Otsu + Morphology 7x7,,,,0.0,0.0,0.0,0.0
Apple,Ripe,Apple_Ripe_084.jpg,Local Contrast-Guided Otsu (11x11),11.0,,,0.0,0.0,0.0,0.0
Apple,Ripe,Apple_Ripe_084.jpg,Weighted Otsu-Local (0.8/0.2) 11x11,11.0,0.8,0.2,0.0,0.0,0.0,0.0
Apple,Ripe,Apple_Ripe_084.jpg,Weighted Otsu-Local (0.7/0.3) 11x11,11.0,0.7,0.3,0.0,0.0,0.0,0.0
Apple,Ripe,Apple_Ripe_084.jpg,Weighted Otsu-Local (0.6/0.4) 11x11,11.0,0.6,0.4,0.0,0.0,0.0,0.0
Apple,Ripe,Apple_Ripe_084.jpg,Local Contrast-Guided Otsu (21x21),21.0,,,0.0,0.0,0.0,0.0
Apple,Ripe,Apple_Ripe_084.jpg,Weighted Otsu-Local (0.8/0.2) 21x21,21.0,0.8,0.2,0.0,0.0,0.0,0.0
Apple,Ripe,Apple_Ripe_084.jpg,Weighted Otsu-Local (0.7/0.3) 21x21,21.0,0.7,0.3,0.0,0.0,0.0,0.0
Apple,Ripe,Apple_Ripe_084.jpg,Weighted Otsu-Local (0.6/0.4) 21x21,21.0,0.6,0.4,0.0,0.0,0.0,0.0
Apple,Ripe,Apple_Ripe_084.jpg,Local Contrast-Guided Otsu (31x31),31.0,,,0.0,0.0,0.0,0.0
Apple,Ripe,Apple_Ripe_084.jpg,Weighted Otsu-Local (0.8/0.2) 31x31,31.0,0.8,0.2,0.0,0.0,0.0,0.0
Apple,Ripe,Apple_Ripe_084.jpg,Weighted Otsu-Local (0.7/0.3) 31x31,31.0,0.7,0.3,0.0,0.0,0.0,0.0
Apple,Ripe,Apple_Ripe_084.jpg,Weighted Otsu-Local (0.6/0.4) 31x31,31.0,0.6,0.4,0.0,0.0,0.0,0.0
Apple,Overripe,Apple_Overripe_084.jpg,Original Otsu,,,,0.0,0.0,0.0,0.0
Apple,Overripe,Apple_Overripe_084.jpg,Otsu + Morphology 7x7,,,,0.0,0.0,0.0,0.0
Apple,Overripe,Apple_Overripe_084.jpg,Local Contrast-Guided Otsu (11x11),11.0,,,0.0,0.0,0.0,0.0
Apple,Overripe,Apple_Overripe_084.jpg,Weighted Otsu-Local (0.8/0.2) 11x11,11.0,0.8,0.2,0.0,0.0,0.0,0.0
Apple,Overripe,Apple_Overripe_084.jpg,Weighted Otsu-Local (0.7/0.3) 11x11,11.0,0.7,0.3,0.0,0.0,0.0,0.0
Apple,Overripe,Apple_Overripe_084.jpg,Weighted Otsu-Local (0.6/0.4) 11x11,11.0,0.6,0.4,0.0,0.0,0.0,0.0
Apple,Overripe,Apple_Overripe_084.jpg,Local Contrast-Guided Otsu (21x21),21.0,,,0.0,0.0,0.0,0.0
Apple,Overripe,Apple_Overripe_084.jpg,Weighted Otsu-Local (0.8/0.2) 21x21,21.0,0.8,0.2,0.0,0.0,0.0,0.0
Apple,Overripe,Apple_Overripe_084.jpg,Weighted Otsu-Local (0.7/0.3) 21x21,21.0,0.7,0.3,0.0,0.0,0.0,0.0
Apple,Overripe,Apple_Overripe_084.jpg,Weighted Otsu-Local (0.6/0.4) 21x21,21.0,0.6,0.4,0.0,0.0,0.0,0.0
Apple,Overripe,Apple_Overripe_084.jpg,Local Contrast-Guided Otsu (31x31),31.0,,,0.0,0.0,0.0,0.0
Apple,Overripe,Apple_Overripe_084.jpg,Weighted Otsu-Local (0.8/0.2) 31x31,31.0,0.8,0.2,0.0,0.0,0.0,0.0
Apple,Overripe,Apple_Overripe_084.jpg,Weighted Otsu-Local (0.7/0.3) 31x31,31.0,0.7,0.3,0.0,0.0,0.0,0.0
Apple,Overripe,Apple_Overripe_084.jpg,Weighted Otsu-Local (0.6/0.4) 31x31,31.0,0.6,0.4,0.0,0.0,0.0,0.0
Apple,Rotten,Apple_Rotten_084.jpg,Original Otsu,,,,0.38166862514688604,0.5524749106990985,0.41904270416720424,0.8105814824057899
Apple,Rotten,Apple_Rotten_084.jpg,Otsu + Morphology 7x7,,,,0.38263343799058086,0.5534850054641707,0.4200831591873667,0.8110390150569836
Apple,Rotten,Apple_Rotten_084.jpg,Local Contrast-Guided Otsu (11x11),11.0,,,0.07946265011194789,0.14722630765169514,0.7886868686868687,0.08119124864819899
Apple,Rotten,Apple_Rotten_084.jpg,Weighted Otsu-Local (0.8/0.2) 11x11,11.0,0.8,0.2,0.2563968045785144,0.4081462220282043,0.37535346482806775,0.4472173696031944
Apple,Rotten,Apple_Rotten_084.jpg,Weighted Otsu-Local (0.7/0.3) 11x11,11.0,0.7,0.3,0.2415620916644067,0.38912607478305766,0.37230687388380135,0.4075368105814824
Apple,Rotten,Apple_Rotten_084.jpg,Weighted Otsu-Local (0.6/0.4) 11x11,11.0,0.6,0.4,0.2381643915190241,0.38470560638048323,0.3947310839788193,0.37517677397887034
Apple,Rotten,Apple_Rotten_084.jpg,Local Contrast-Guided Otsu (21x21),21.0,,,0.18559503009124442,0.3130833469788767,0.7361774218389034,0.1988187338823725
Apple,Rotten,Apple_Rotten_084.jpg,Weighted Otsu-Local (0.8/0.2) 21x21,21.0,0.8,0.2,0.2881103589457278,0.44733800476775265,0.3953080114905841,0.5151401713667748
Apple,Rotten,Apple_Rotten_084.jpg,Weighted Otsu-Local (0.7/0.3) 21x21,21.0,0.7,0.3,0.2915427114322142,0.4514642974662718,0.40273972602739727,0.5136011979036685
Apple,Rotten,Apple_Rotten_084.jpg,Weighted Otsu-Local (0.6/0.4) 21x21,21.0,0.6,0.4,0.2813194584764599,0.4391090084762468,0.41734112709832133,0.4632726062723567
Apple,Rotten,Apple_Rotten_084.jpg,Local Contrast-Guided Otsu (31x31),31.0,,,0.2473756800245192,0.39663380324948555,0.7581307972290713,0.26857166625072787
Apple,Rotten,Apple_Rotten_084.jpg,Weighted Otsu-Local (0.8/0.2) 31x31,31.0,0.8,0.2,0.2945533060921248,0.4550655499560609,0.4000063057666236,0.5277015223359122
Apple,Rotten,Apple_Rotten_084.jpg,Weighted Otsu-Local (0.7/0.3) 31x31,31.0,0.7,0.3,0.30461375124056594,0.4669792127377267,0.4063048363759505,0.5489559936777306
Apple,Rotten,Apple_Rotten_084.jpg,Weighted Otsu-Local (0.6/0.4) 31x31,31.0,0.6,0.4,0.3046951578121937,0.46707486570752416,0.42582191780821915,0.5171782713584561
Banana,Ripe,Banana_Ripe_084.jpg,Original Otsu,,,,0.0,0.0,0.0,0.0
Banana,Ripe,Banana_Ripe_084.jpg,Otsu + Morphology 7x7,,,,0.0,0.0,0.0,0.0
Banana,Ripe,Banana_Ripe_084.jpg,Local Contrast-Guided Otsu (11x11),11.0,,,0.0,0.0,0.0,0.0
Banana,Ripe,Banana_Ripe_084.jpg,Weighted Otsu-Local (0.8/0.2) 11x11,11.0,0.8,0.2,0.0,0.0,0.0,0.0
Banana,Ripe,Banana_Ripe_084.jpg,Weighted Otsu-Local (0.7/0.3) 11x11,11.0,0.7,0.3,0.0,0.0,0.0,0.0
Banana,Ripe,Banana_Ripe_084.jpg,Weighted Otsu-Local (0.6/0.4) 11x11,11.0,0.6,0.4,0.0,0.0,0.0,0.0
Banana,Ripe,Banana_Ripe_084.jpg,Local Contrast-Guided Otsu (21x21),21.0,,,0.0,0.0,0.0,0.0
Banana,Ripe,Banana_Ripe_084.jpg,Weighted Otsu-Local (0.8/0.2) 21x21,21.0,0.8,0.2,0.0,0.0,0.0,0.0
Banana,Ripe,Banana_Ripe_084.jpg,Weighted Otsu-Local (0.7/0.3) 21x21,21.0,0.7,0.3,0.0,0.0,0.0,0.0
Banana,Ripe,Banana_Ripe_084.jpg,Weighted Otsu-Local (0.6/0.4) 21x21,21.0,0.6,0.4,0.0,0.0,0.0,0.0
Banana,Ripe,Banana_Ripe_084.jpg,Local Contrast-Guided Otsu (31x31),31.0,,,0.0,0.0,0.0,0.0
Banana,Ripe,Banana_Ripe_084.jpg,Weighted Otsu-Local (0.8/0.2) 31x31,31.0,0.8,0.2,0.0,0.0,0.0,0.0
Banana,Ripe,Banana_Ripe_084.jpg,Weighted Otsu-Local (0.7/0.3) 31x31,31.0,0.7,0.3,0.0,0.0,0.0,0.0
Banana,Ripe,Banana_Ripe_084.jpg,Weighted Otsu-Local (0.6/0.4) 31x31,31.0,0.6,0.4,0.0,0.0,0.0,0.0
Banana,Overripe,Banana_Overripe_084.jpg,Original Otsu,,,,0.3593079141300865,0.5286630209315482,0.3594384375400658,0.9989903789048581
Banana,Overripe,Banana_Overripe_084.jpg,Otsu + Morphology 7x7,,,,0.3591413230286404,0.5284826779136527,0.3592640447638472,0.9990497683810429
Banana,Overripe,Banana_Overripe_084.jpg,Local Contrast-Guided Otsu (11x11),11.0,,,0.11148479991592002,0.20060517233227743,0.4918849988407141,0.12599477372609574
Banana,Overripe,Banana_Overripe_084.jpg,Weighted Otsu-Local (0.8/0.2) 11x11,11.0,0.8,0.2,0.5078463917914671,0.6736049435222596,0.5819482568569391,0.79953082313814
Banana,Overripe,Banana_Overripe_084.jpg,Weighted Otsu-Local (0.7/0.3) 11x11,11.0,0.7,0.3,0.4473330246301074,0.6181480240104817,0.6347224829485013,0.6024171516807222
Banana,Overripe,Banana_Overripe_084.jpg,Weighted Otsu-Local (0.6/0.4) 11x11,11.0,0.6,0.4,0.3179444275428456,0.4824853323073964,0.6849636790649407,0.3724017104169141
Banana,Overripe,Banana_Overripe_084.jpg,Local Contrast-Guided Otsu (21x21),21.0,,,0.19791411861504593,0.33043123132042546,0.44074679344327244,0.26428316902244925
Banana,Overripe,Banana_Overripe_084.jpg,Weighted Otsu-Local (0.8/0.2) 21x21,21.0,0.8,0.2,0.4816794313736294,0.650180357740508,0.5580356192948486,0.7787742012115453
Banana,Overripe,Banana_Overripe_084.jpg,Weighted Otsu-Local (0.7/0.3) 21x21,21.0,0.7,0.3,0.4160460810532812,0.5876165848272656,0.5752318106832015,0.6005463831809004
Banana,Overripe,Banana_Overripe_084.jpg,Weighted Otsu-Local (0.6/0.4) 21x21,21.0,0.6,0.4,0.33708615165539335,0.5042100708889407,0.5734726322961617,0.4498752821000119
Banana,Overripe,Banana_Overripe_084.jpg,Local Contrast-Guided Otsu (31x31),31.0,,,0.23375248740420848,0.3789293067947838,0.4487888148268574,0.3278892980163915
Banana,Overripe,Banana_Overripe_084.jpg,Weighted Otsu-Local (0.8/0.2) 31x31,31.0,0.8,0.2,0.47115140985268034,0.6405206244540947,0.546785406733738,0.7730431167597102
Banana,Overripe,Banana_Overripe_084.jpg,Weighted Otsu-Local (0.7/0.3) 31x31,31.0,0.7,0.3,0.4127814146575124,0.584352838131834,0.5573160873080032,0.6141465732272241
Banana,Overripe,Banana_Overripe_084.jpg,Weighted Otsu-Local (0.6/0.4) 31x31,31.0,0.6,0.4,0.3486956891782629,0.5170857918152273,0.5515987882867721,0.4866373678584155
Banana,Rotten,Banana_Rotten_084.jpg,Original Otsu,,,,0.2496537556740996,0.39955668446645703,0.2757333567539083,0.7252391860935183
Banana,Rotten,Banana_Rotten_084.jpg,Otsu + Morphology 7x7,,,,0.24941715652087276,0.3992536123249657,0.2757878656570627,0.7228713881456099
Banana,Rotten,Banana_Rotten_084.jpg,Local Contrast-Guided Otsu (11x11),11.0,,,0.10965449862332356,0.1976371902414036,0.5867312993061496,0.11883265636129131
Banana,Rotten,Banana_Rotten_084.jpg,Weighted Otsu-Local (0.8/0.2) 11x11,11.0,0.8,0.2,0.23692267454383212,0.3830840511209926,0.2829542113773335,0.5928927560783106
Banana,Rotten,Banana_Rotten_084.jpg,Weighted Otsu-Local (0.7/0.3) 11x11,11.0,0.7,0.3,0.2412727188211779,0.38875053831894696,0.28763137964793023,0.599514890176526
Banana,Rotten,Banana_Rotten_084.jpg,Weighted Otsu-Local (0.6/0.4) 11x11,11.0,0.6,0.4,0.25346426539118133,0.4044220045029846,0.29679621092061664,0.6345120988700022
Banana,Rotten,Banana_Rotten_084.jpg,Local Contrast-Guided Otsu (21x21),21.0,,,0.1806640300442022,0.3060380014074595,0.5691252682824687,0.2092902381273221
Banana,Rotten,Banana_Rotten_084.jpg,Weighted Otsu-Local (0.8/0.2) 21x21,21.0,0.8,0.2,0.23900079715477066,0.3857960345200903,0.2842440153877008,0.600246404989701
Banana,Rotten,Banana_Rotten_084.jpg,Weighted Otsu-Local (0.7/0.3) 21x21,21.0,0.7,0.3,0.24539574992300586,0.3940847717493447,0.2902600063749374,0.6135484243555932
Banana,Rotten,Banana_Rotten_084.jpg,Weighted Otsu-Local (0.6/0.4) 21x21,21.0,0.6,0.4,0.2625436682888133,0.41589637631251436,0.3030596522121946,0.6625984176179568
Banana,Rotten,Banana_Rotten_084.jpg,Local Contrast-Guided Otsu (31x31),31.0,,,0.21075984470327233,0.34814475492441593,0.5800224466891134,0.2487150364794887
Banana,Rotten,Banana_Rotten_084.jpg,Weighted Otsu-Local (0.8/0.2) 31x31,31.0,0.8,0.2,0.23964879781378937,0.38663982611273034,0.2846168531869051,0.6026719541070706
Banana,Rotten,Banana_Rotten_084.jpg,Weighted Otsu-Local (0.7/0.3) 31x31,31.0,0.7,0.3,0.24789828709436748,0.39730527665292187,0.29221367955320227,0.6204400639112942
Banana,Rotten,Banana_Rotten_084.jpg,Weighted Otsu-Local (0.6/0.4) 31x31,31.0,0.6,0.4,0.2685770013180852,0.4234303491849948,0.307721181964995,0.678595491558704
Grape,Ripe,Grape_Ripe_094.jpg,Original Otsu,,,,0.0,0.0,0.0,0.0
Grape,Ripe,Grape_Ripe_094.jpg,Otsu + Morphology 7x7,,,,0.0,0.0,0.0,0.0
Grape,Ripe,Grape_Ripe_094.jpg,Local Contrast-Guided Otsu (11x11),11.0,,,0.0,0.0,0.0,0.0
Grape,Ripe,Grape_Ripe_094.jpg,Weighted Otsu-Local (0.8/0.2) 11x11,11.0,0.8,0.2,0.0,0.0,0.0,0.0
Grape,Ripe,Grape_Ripe_094.jpg,Weighted Otsu-Local (0.7/0.3) 11x11,11.0,0.7,0.3,0.0,0.0,0.0,0.0
Grape,Ripe,Grape_Ripe_094.jpg,Weighted Otsu-Local (0.6/0.4) 11x11,11.0,0.6,0.4,0.0,0.0,0.0,0.0
Grape,Ripe,Grape_Ripe_094.jpg,Local Contrast-Guided Otsu (21x21),21.0,,,0.0,0.0,0.0,0.0
Grape,Ripe,Grape_Ripe_094.jpg,Weighted Otsu-Local (0.8/0.2) 21x21,21.0,0.8,0.2,0.0,0.0,0.0,0.0
Grape,Ripe,Grape_Ripe_094.jpg,Weighted Otsu-Local (0.7/0.3) 21x21,21.0,0.7,0.3,0.0,0.0,0.0,0.0
Grape,Ripe,Grape_Ripe_094.jpg,Weighted Otsu-Local (0.6/0.4) 21x21,21.0,0.6,0.4,0.0,0.0,0.0,0.0
Grape,Ripe,Grape_Ripe_094.jpg,Local Contrast-Guided Otsu (31x31),31.0,,,0.0,0.0,0.0,0.0
Grape,Ripe,Grape_Ripe_094.jpg,Weighted Otsu-Local (0.8/0.2) 31x31,31.0,0.8,0.2,0.0,0.0,0.0,0.0
Grape,Ripe,Grape_Ripe_094.jpg,Weighted Otsu-Local (0.7/0.3) 31x31,31.0,0.7,0.3,0.0,0.0,0.0,0.0
Grape,Ripe,Grape_Ripe_094.jpg,Weighted Otsu-Local (0.6/0.4) 31x31,31.0,0.6,0.4,0.0,0.0,0.0,0.0
Grape,Overripe,Grape_Overripe_084.jpg,Original Otsu,,,,0.0,0.0,0.0,0.0
Grape,Overripe,Grape_Overripe_084.jpg,Otsu + Morphology 7x7,,,,0.0,0.0,0.0,0.0
Grape,Overripe,Grape_Overripe_084.jpg,Local Contrast-Guided Otsu (11x11),11.0,,,0.0,0.0,0.0,0.0
Grape,Overripe,Grape_Overripe_084.jpg,Weighted Otsu-Local (0.8/0.2) 11x11,11.0,0.8,0.2,0.0,0.0,0.0,0.0
Grape,Overripe,Grape_Overripe_084.jpg,Weighted Otsu-Local (0.7/0.3) 11x11,11.0,0.7,0.3,0.0010223048327137546,0.002042521585739486,0.0013606003133503752,0.004094800843777144
Grape,Overripe,Grape_Overripe_084.jpg,Weighted Otsu-Local (0.6/0.4) 11x11,11.0,0.6,0.4,0.0030281554023580954,0.006038026721479959,0.004073319755600814,0.011663978161062167
Grape,Overripe,Grape_Overripe_084.jpg,Local Contrast-Guided Otsu (21x21),21.0,,,0.0,0.0,0.0,0.0
Grape,Overripe,Grape_Overripe_084.jpg,Weighted Otsu-Local (0.8/0.2) 21x21,21.0,0.8,0.2,0.0,0.0,0.0,0.0
Grape,Overripe,Grape_Overripe_084.jpg,Weighted Otsu-Local (0.7/0.3) 21x21,21.0,0.7,0.3,0.006651017214397496,0.013214146910221531,0.008704214257581725,0.027422757165901476
Grape,Overripe,Grape_Overripe_084.jpg,Weighted Otsu-Local (0.6/0.4) 21x21,21.0,0.6,0.4,0.027126394166898386,0.052819972928259885,0.03486063686174859,0.1089465194192828
Grape,Overripe,Grape_Overripe_084.jpg,Local Contrast-Guided Otsu (31x31),31.0,,,0.0,0.0,0.0,0.0
Grape,Overripe,Grape_Overripe_084.jpg,Weighted Otsu-Local (0.8/0.2) 31x31,31.0,0.8,0.2,0.0,0.0,0.0,0.0
Grape,Overripe,Grape_Overripe_084.jpg,Weighted Otsu-Local (0.7/0.3) 31x31,31.0,0.7,0.3,0.008694891022087358,0.017239883139047178,0.01124019312009656,0.036977292468048144
Grape,Overripe,Grape_Overripe_084.jpg,Weighted Otsu-Local (0.6/0.4) 31x31,31.0,0.6,0.4,0.029758729029580887,0.05779747855621438,0.03762695349098677,0.12458121355006825
Grape,Rotten,Grape_Rotten_064.jpg,Original Otsu,,,,0.3339821620522356,0.5007295772807457,0.33901503981126513,0.95744149246273
Grape,Rotten,Grape_Rotten_064.jpg,Otsu + Morphology 7x7,,,,0.33787592619497314,0.505093065178203,0.341638265366083,0.9684350795369367
Grape,Rotten,Grape_Rotten_064.jpg,Local Contrast-Guided Otsu (11x11),11.0,,,0.03049111645589262,0.0591778346634543,0.30823529411764705,0.03273090697093362
Grape,Rotten,Grape_Rotten_064.jpg,Weighted Otsu-Local (0.8/0.2) 11x11,11.0,0.8,0.2,0.17342571836152434,0.2955887460923932,0.22652056253049999,0.42525193637045056
Grape,Rotten,Grape_Rotten_064.jpg,Weighted Otsu-Local (0.7/0.3) 11x11,11.0,0.7,0.3,0.17260450597176982,0.29439509245059176,0.22556757715501952,0.4236695261097693
Grape,Rotten,Grape_Rotten_064.jpg,Weighted Otsu-Local (0.6/0.4) 11x11,11.0,0.6,0.4,0.17750677506775067,0.30149597238204834,0.23029930119105174,0.43641209294578165
Grape,Rotten,Grape_Rotten_064.jpg,Local Contrast-Guided Otsu (21x21),21.0,,,0.166335847558555,0.2852280462899932,0.44725137875822807,0.20937786291330057
Grape,Rotten,Grape_Rotten_064.jpg,Weighted Otsu-Local (0.8/0.2) 21x21,21.0,0.8,0.2,0.1909051766965853,0.32060516728314375,0.24066805845511482,0.4800533022403598
Grape,Rotten,Grape_Rotten_064.jpg,Weighted Otsu-Local (0.7/0.3) 21x21,21.0,0.7,0.3,0.1947595981925165,0.3260230735742273,0.2421095170741564,0.49895894061797286
Grape,Rotten,Grape_Rotten_064.jpg,Weighted Otsu-Local (0.6/0.4) 21x21,21.0,0.6,0.4,0.19689571544058204,0.32901064462095425,0.24349182228975888,0.5071208461730657
Grape,Rotten,Grape_Rotten_064.jpg,Local Contrast-Guided Otsu (31x31),31.0,,,0.17750513719327934,0.3014936098136837,0.39285714285714285,0.24460731240109937
Grape,Rotten,Grape_Rotten_064.jpg,Weighted Otsu-Local (0.8/0.2) 31x31,31.0,0.8,0.2,0.19272337801434553,0.32316525619744757,0.23999676663163852,0.49454484883817773
Grape,Rotten,Grape_Rotten_064.jpg,Weighted Otsu-Local (0.7/0.3) 31x31,31.0,0.7,0.3,0.1936155225409836,0.3244185734595885,0.2392766698322254,0.5036228866494545
Grape,Rotten,Grape_Rotten_064.jpg,Weighted Otsu-Local (0.6/0.4) 31x31,31.0,0.6,0.4,0.1927331189710611,0.32317895077371006,0.2389285287200542,0.49920879486965936
Guava,Class_A,Guava_Class_A_084.jpg,Original Otsu,,,,0.0,0.0,0.0,0.0
Guava,Class_A,Guava_Class_A_084.jpg,Otsu + Morphology 7x7,,,,0.0,0.0,0.0,0.0
Guava,Class_A,Guava_Class_A_084.jpg,Local Contrast-Guided Otsu (11x11),11.0,,,0.0,0.0,0.0,0.0
Guava,Class_A,Guava_Class_A_084.jpg,Weighted Otsu-Local (0.8/0.2) 11x11,11.0,0.8,0.2,0.0,0.0,0.0,0.0
Guava,Class_A,Guava_Class_A_084.jpg,Weighted Otsu-Local (0.7/0.3) 11x11,11.0,0.7,0.3,0.0,0.0,0.0,0.0
Guava,Class_A,Guava_Class_A_084.jpg,Weighted Otsu-Local (0.6/0.4) 11x11,11.0,0.6,0.4,0.0,0.0,0.0,0.0
Guava,Class_A,Guava_Class_A_084.jpg,Local Contrast-Guided Otsu (21x21),21.0,,,0.0,0.0,0.0,0.0
Guava,Class_A,Guava_Class_A_084.jpg,Weighted Otsu-Local (0.8/0.2) 21x21,21.0,0.8,0.2,0.0,0.0,0.0,0.0
Guava,Class_A,Guava_Class_A_084.jpg,Weighted Otsu-Local (0.7/0.3) 21x21,21.0,0.7,0.3,0.0,0.0,0.0,0.0
Guava,Class_A,Guava_Class_A_084.jpg,Weighted Otsu-Local (0.6/0.4) 21x21,21.0,0.6,0.4,0.0,0.0,0.0,0.0
Guava,Class_A,Guava_Class_A_084.jpg,Local Contrast-Guided Otsu (31x31),31.0,,,0.0,0.0,0.0,0.0
Guava,Class_A,Guava_Class_A_084.jpg,Weighted Otsu-Local (0.8/0.2) 31x31,31.0,0.8,0.2,0.0,0.0,0.0,0.0
Guava,Class_A,Guava_Class_A_084.jpg,Weighted Otsu-Local (0.7/0.3) 31x31,31.0,0.7,0.3,0.0,0.0,0.0,0.0
Guava,Class_A,Guava_Class_A_084.jpg,Weighted Otsu-Local (0.6/0.4) 31x31,31.0,0.6,0.4,0.0,0.0,0.0,0.0
Guava,Class_B,Guava_Class_B_084.jpg,Original Otsu,,,,0.4351953669085844,0.6064614991699655,0.44424904587293274,0.9552659103709068
Guava,Class_B,Guava_Class_B_084.jpg,Otsu + Morphology 7x7,,,,0.4412480637309139,0.6123138338707201,0.4489474276708319,0.9625874969828626
Guava,Class_B,Guava_Class_B_084.jpg,Local Contrast-Guided Otsu (11x11),11.0,,,0.14294083186877563,0.2501281394156843,0.6140295690468701,0.15705205567624106
Guava,Class_B,Guava_Class_B_084.jpg,Weighted Otsu-Local (0.8/0.2) 11x11,11.0,0.8,0.2,0.38018401538039,0.5509178647828467,0.7217153284671532,0.4454903853890096
Guava,Class_B,Guava_Class_B_084.jpg,Weighted Otsu-Local (0.7/0.3) 11x11,11.0,0.7,0.3,0.3400376211836203,0.5075045891372422,0.7713769899885115,0.37814787995816235
Guava,Class_B,Guava_Class_B_084.jpg,Weighted Otsu-Local (0.6/0.4) 11x11,11.0,0.6,0.4,0.20396366639141206,0.3388203017832647,0.7528401219174287,0.21860165741411217
Guava,Class_B,Guava_Class_B_084.jpg,Local Contrast-Guided Otsu (21x21),21.0,,,0.3236860681511904,0.4890677267658894,0.6152720175652598,0.4058250864912704
Guava,Class_B,Guava_Class_B_084.jpg,Weighted Otsu-Local (0.8/0.2) 21x21,21.0,0.8,0.2,0.42096741550293465,0.5925081897165646,0.7227241139680334,0.5020516533912623
Guava,Class_B,Guava_Class_B_084.jpg,Weighted Otsu-Local (0.7/0.3) 21x21,21.0,0.7,0.3,0.38827184979505486,0.5593599695223582,0.6852975495915986,0.4725239359562314
Guava,Class_B,Guava_Class_B_084.jpg,Weighted Otsu-Local (0.6/0.4) 21x21,21.0,0.6,0.4,0.3218213519313305,0.48693622850185175,0.6590222466355397,0.3861131225360045
Guava,Class_B,Guava_Class_B_084.jpg,Local Contrast-Guided Otsu (31x31),31.0,,,0.37239861678717384,0.5426974528129008,0.630173422704543,0.47654678574302034
Guava,Class_B,Guava_Class_B_084.jpg,Weighted Otsu-Local (0.8/0.2) 31x31,31.0,0.8,0.2,0.4180863241532557,0.5896486229819563,0.7193836171938361,0.4995574865234532
Guava,Class_B,Guava_Class_B_084.jpg,Weighted Otsu-Local (0.7/0.3) 31x31,31.0,0.7,0.3,0.3842197773582449,0.5551427362084372,0.6681005207154177,0.474857188832569
Guava,Class_B,Guava_Class_B_084.jpg,Weighted Otsu-Local (0.6/0.4) 31x31,31.0,0.6,0.4,0.3509773055227601,0.5195902315871244,0.6551175318315378,0.43052538418215464
Guava,Defect,Guava_Defect_084.jpg,Original Otsu,,,,0.3246177433389964,0.49013044702349295,0.35604235786029176,0.7862304295463669
Guava,Defect,Guava_Defect_084.jpg,Otsu + Morphology 7x7,,,,0.321197276652275,0.48622152395915164,0.35391793605050087,0.7764953833801687
Guava,Defect,Guava_Defect_084.jpg,Local Contrast-Guided Otsu (11x11),11.0,,,0.2473133618640038,0.3965536960085395,0.8251626209741393,0.26098956242472904
Guava,Defect,Guava_Defect_084.jpg,Weighted Otsu-Local (0.8/0.2) 11x11,11.0,0.8,0.2,0.33557068847544885,0.5025128080019517,0.48898490171873515,0.5168105178643115
Guava,Defect,Guava_Defect_084.jpg,Weighted Otsu-Local (0.7/0.3) 11x11,11.0,0.7,0.3,0.3326241134751773,0.49920170303352845,0.5042752547232605,0.49422922521075874
Guava,Defect,Guava_Defect_084.jpg,Weighted Otsu-Local (0.6/0.4) 11x11,11.0,0.6,0.4,0.35015398152221733,0.5186874775978364,0.7396152773905771,0.399387796065837
Guava,Defect,Guava_Defect_084.jpg,Local Contrast-Guided Otsu (21x21),21.0,,,0.34530340113089714,0.5133465073241116,0.6845980088680665,0.4106282617422722
Guava,Defect,Guava_Defect_084.jpg,Weighted Otsu-Local (0.8/0.2) 21x21,21.0,0.8,0.2,0.34324727555786194,0.5110708680429796,0.49253036719877136,0.5310618225612204
Guava,Defect,Guava_Defect_084.jpg,Weighted Otsu-Local (0.7/0.3) 21x21,21.0,0.7,0.3,0.3462974071852296,0.5144441418917246,0.5076457081440227,0.5214271376957046
Guava,Defect,Guava_Defect_084.jpg,Weighted Otsu-Local (0.6/0.4) 21x21,21.0,0.6,0.4,0.361300799467022,0.5308169944636466,0.6797493145319232,0.43541750301083904
Guava,Defect,Guava_Defect_084.jpg,Local Contrast-Guided Otsu (31x31),31.0,,,0.3977367979882649,0.5691154422788606,0.7070481299359261,0.4762143717382577
Guava,Defect,Guava_Defect_084.jpg,Weighted Otsu-Local (0.8/0.2) 31x31,31.0,0.8,0.2,0.3470937052000521,0.5153222880638529,0.49740860064434794,0.5345744680851063
Guava,Defect,Guava_Defect_084.jpg,Weighted Otsu-Local (0.7/0.3) 31x31,31.0,0.7,0.3,0.3575702261433932,0.5267797116605663,0.5228092719814165,0.5308109193095143
Guava,Defect,Guava_Defect_084.jpg,Weighted Otsu-Local (0.6/0.4) 31x31,31.0,0.6,0.4,0.3875378694833374,0.558597899209253,0.6778859925522773,0.47501003613006826
Mango,Ripe,Mango_Ripe_064.jpg,Original Otsu,,,,0.0,0.0,0.0,0.0
Mango,Ripe,Mango_Ripe_064.jpg,Otsu + Morphology 7x7,,,,0.0,0.0,0.0,0.0
Mango,Ripe,Mango_Ripe_064.jpg,Local Contrast-Guided Otsu (11x11),11.0,,,0.0,0.0,0.0,0.0
Mango,Ripe,Mango_Ripe_064.jpg,Weighted Otsu-Local (0.8/0.2) 11x11,11.0,0.8,0.2,0.0,0.0,0.0,0.0
Mango,Ripe,Mango_Ripe_064.jpg,Weighted Otsu-Local (0.7/0.3) 11x11,11.0,0.7,0.3,0.0,0.0,0.0,0.0
Mango,Ripe,Mango_Ripe_064.jpg,Weighted Otsu-Local (0.6/0.4) 11x11,11.0,0.6,0.4,0.0,0.0,0.0,0.0
Mango,Ripe,Mango_Ripe_064.jpg,Local Contrast-Guided Otsu (21x21),21.0,,,0.0,0.0,0.0,0.0
Mango,Ripe,Mango_Ripe_064.jpg,Weighted Otsu-Local (0.8/0.2) 21x21,21.0,0.8,0.2,0.0,0.0,0.0,0.0
Mango,Ripe,Mango_Ripe_064.jpg,Weighted Otsu-Local (0.7/0.3) 21x21,21.0,0.7,0.3,0.0,0.0,0.0,0.0
Mango,Ripe,Mango_Ripe_064.jpg,Weighted Otsu-Local (0.6/0.4) 21x21,21.0,0.6,0.4,0.0,0.0,0.0,0.0
Mango,Ripe,Mango_Ripe_064.jpg,Local Contrast-Guided Otsu (31x31),31.0,,,0.0,0.0,0.0,0.0
Mango,Ripe,Mango_Ripe_064.jpg,Weighted Otsu-Local (0.8/0.2) 31x31,31.0,0.8,0.2,0.0,0.0,0.0,0.0
Mango,Ripe,Mango_Ripe_064.jpg,Weighted Otsu-Local (0.7/0.3) 31x31,31.0,0.7,0.3,0.0,0.0,0.0,0.0
Mango,Ripe,Mango_Ripe_064.jpg,Weighted Otsu-Local (0.6/0.4) 31x31,31.0,0.6,0.4,0.0,0.0,0.0,0.0
Mango,Overripe,Mango_Overripe_084.jpg,Original Otsu,,,,0.6509676228201212,0.7885892052906073,0.8227931349046397,0.7571155272713075
Mango,Overripe,Mango_Overripe_084.jpg,Otsu + Morphology 7x7,,,,0.6524382030039738,0.7896672950527335,0.826003538766548,0.7563932378089252
Mango,Overripe,Mango_Overripe_084.jpg,Local Contrast-Guided Otsu (11x11),11.0,,,0.13492001560671088,0.23776127612761278,0.9951079136690647,0.13500956545504236
Mango,Overripe,Mango_Overripe_084.jpg,Weighted Otsu-Local (0.8/0.2) 11x11,11.0,0.8,0.2,0.5015961164314993,0.6680839287511321,0.9393349840820658,0.518389099285519
Mango,Overripe,Mango_Overripe_084.jpg,Weighted Otsu-Local (0.7/0.3) 11x11,11.0,0.7,0.3,0.5039046837110726,0.6701284850947133,0.9583484639407365,0.5151876000468512
Mango,Overripe,Mango_Overripe_084.jpg,Weighted Otsu-Local (0.6/0.4) 11x11,11.0,0.6,0.4,0.4600034771186277,0.6301402487430537,0.9777859899811119,0.4648615937219381
Mango,Overripe,Mango_Overripe_084.jpg,Local Contrast-Guided Otsu (21x21),21.0,,,0.2749454743729553,0.43130546348765103,0.9911547911547911,0.2756217545777535
Mango,Overripe,Mango_Overripe_084.jpg,Weighted Otsu-Local (0.8/0.2) 21x21,21.0,0.8,0.2,0.5192648111182253,0.6835738013783529,0.9362988115449915,0.5382813415062664
Mango,Overripe,Mango_Overripe_084.jpg,Weighted Otsu-Local (0.7/0.3) 21x21,21.0,0.7,0.3,0.5277693011901129,0.6909018276240887,0.9582381051319343,0.5401944325147386
Mango,Overripe,Mango_Overripe_084.jpg,Weighted Otsu-Local (0.6/0.4) 21x21,21.0,0.6,0.4,0.5071754666461195,0.6730144934945426,0.9745706248149245,0.5139772771639401
Mango,Overripe,Mango_Overripe_084.jpg,Local Contrast-Guided Otsu (31x31),31.0,,,0.32122486324436916,0.486253130985708,0.99140831530882,0.32212157888572207
Mango,Overripe,Mango_Overripe_084.jpg,Weighted Otsu-Local (0.8/0.2) 31x31,31.0,0.8,0.2,0.5268088649999054,0.6900783419278064,0.9452896828092101,0.5433764104165854
Mango,Overripe,Mango_Overripe_084.jpg,Weighted Otsu-Local (0.7/0.3) 31x31,31.0,0.7,0.3,0.5374738096611115,0.6991648329665933,0.972285972598929,0.5458360988560497
Mango,Overripe,Mango_Overripe_084.jpg,Weighted Otsu-Local (0.6/0.4) 31x31,31.0,0.6,0.4,0.5103345408054549,0.6757900677200903,0.9851544387106425,0.5142896185530785
Mango,Rotten,Mango_Rotten_084.jpg,Original Otsu,,,,0.17473071865910508,0.2974821648633676,0.1917588584255251,0.6630380002015925
Mango,Rotten,Mango_Rotten_084.jpg,Otsu + Morphology 7x7,,,,0.17346638092686847,0.2956478067822534,0.19110507754282932,0.6527063804052011
Mango,Rotten,Mango_Rotten_084.jpg,Local Contrast-Guided Otsu (11x11),11.0,,,0.21510181516631346,0.3540473933649289,0.7146793203734885,0.2353089406309848
Mango,Rotten,Mango_Rotten_084.jpg,Weighted Otsu-Local (0.8/0.2) 11x11,11.0,0.8,0.2,0.2780460256953268,0.4351111307498564,0.38737214791502755,0.4962705372442294
Mango,Rotten,Mango_Rotten_084.jpg,Weighted Otsu-Local (0.7/0.3) 11x11,11.0,0.7,0.3,0.29142654248490973,0.45132500052873126,0.38883422615793883,0.5377482108658401
Mango,Rotten,Mango_Rotten_084.jpg,Weighted Otsu-Local (0.6/0.4) 11x11,11.0,0.6,0.4,0.28994813534205977,0.4495500670112962,0.38895637769188296,0.532506803749622
Mango,Rotten,Mango_Rotten_084.jpg,Local Contrast-Guided Otsu (21x21),21.0,,,0.2696629213483146,0.4247787610619469,0.562874251497006,0.341094647716964
Mango,Rotten,Mango_Rotten_084.jpg,Weighted Otsu-Local (0.8/0.2) 21x21,21.0,0.8,0.2,0.2771136827773996,0.4339687006950663,0.376090169992609,0.5129019252091523
Mango,Rotten,Mango_Rotten_084.jpg,Weighted Otsu-Local (0.7/0.3) 21x21,21.0,0.7,0.3,0.2904939615404551,0.450205843960237,0.37421961072346677,0.5649128112085475
Mango,Rotten,Mango_Rotten_084.jpg,Weighted Otsu-Local (0.6/0.4) 21x21,21.0,0.6,0.4,0.2871683117549032,0.4462016492052743,0.3688907917270452,0.5645096260457615
Mango,Rotten,Mango_Rotten_084.jpg,Local Contrast-Guided Otsu (31x31),31.0,,,0.28065137581331107,0.43829473206176206,0.5016894087069526,0.38912408023384737
Mango,Rotten,Mango_Rotten_084.jpg,Weighted Otsu-Local (0.8/0.2) 31x31,31.0,0.8,0.2,0.27732506879692215,0.4342278650463302,0.37115171452068507,0.5231327487148473
Mango,Rotten,Mango_Rotten_084.jpg,Weighted Otsu-Local (0.7/0.3) 31x31,31.0,0.7,0.3,0.2865208186309104,0.4454196379594076,0.3643356195115698,0.5729261163189194
Mango,Rotten,Mango_Rotten_084.jpg,Weighted Otsu-Local (0.6/0.4) 31x31,31.0,0.6,0.4,0.2790749609190839,0.43636998525646,0.3547278117706428,0.5668279407317811
Melon,Ripe,Melon_Ripe_084.jpg,Original Otsu,,,,0.0,0.0,0.0,0.0
Melon,Ripe,Melon_Ripe_084.jpg,Otsu + Morphology 7x7,,,,0.0,0.0,0.0,0.0
Melon,Ripe,Melon_Ripe_084.jpg,Local Contrast-Guided Otsu (11x11),11.0,,,0.0,0.0,0.0,0.0
Melon,Ripe,Melon_Ripe_084.jpg,Weighted Otsu-Local (0.8/0.2) 11x11,11.0,0.8,0.2,0.0,0.0,0.0,0.0
Melon,Ripe,Melon_Ripe_084.jpg,Weighted Otsu-Local (0.7/0.3) 11x11,11.0,0.7,0.3,0.0,0.0,0.0,0.0
Melon,Ripe,Melon_Ripe_084.jpg,Weighted Otsu-Local (0.6/0.4) 11x11,11.0,0.6,0.4,0.0,0.0,0.0,0.0
Melon,Ripe,Melon_Ripe_084.jpg,Local Contrast-Guided Otsu (21x21),21.0,,,0.0,0.0,0.0,0.0
Melon,Ripe,Melon_Ripe_084.jpg,Weighted Otsu-Local (0.8/0.2) 21x21,21.0,0.8,0.2,0.0,0.0,0.0,0.0
Melon,Ripe,Melon_Ripe_084.jpg,Weighted Otsu-Local (0.7/0.3) 21x21,21.0,0.7,0.3,0.0,0.0,0.0,0.0
Melon,Ripe,Melon_Ripe_084.jpg,Weighted Otsu-Local (0.6/0.4) 21x21,21.0,0.6,0.4,0.0,0.0,0.0,0.0
Melon,Ripe,Melon_Ripe_084.jpg,Local Contrast-Guided Otsu (31x31),31.0,,,0.0,0.0,0.0,0.0
Melon,Ripe,Melon_Ripe_084.jpg,Weighted Otsu-Local (0.8/0.2) 31x31,31.0,0.8,0.2,0.0,0.0,0.0,0.0
Melon,Ripe,Melon_Ripe_084.jpg,Weighted Otsu-Local (0.7/0.3) 31x31,31.0,0.7,0.3,0.0,0.0,0.0,0.0
Melon,Ripe,Melon_Ripe_084.jpg,Weighted Otsu-Local (0.6/0.4) 31x31,31.0,0.6,0.4,0.0,0.0,0.0,0.0
Melon,Overripe,Melon_Overripe_014.jpg,Original Otsu,,,,0.0,0.0,0.0,0.0
Melon,Overripe,Melon_Overripe_014.jpg,Otsu + Morphology 7x7,,,,0.0,0.0,0.0,0.0
Melon,Overripe,Melon_Overripe_014.jpg,Local Contrast-Guided Otsu (11x11),11.0,,,0.0,0.0,0.0,0.0
Melon,Overripe,Melon_Overripe_014.jpg,Weighted Otsu-Local (0.8/0.2) 11x11,11.0,0.8,0.2,0.0,0.0,0.0,0.0
Melon,Overripe,Melon_Overripe_014.jpg,Weighted Otsu-Local (0.7/0.3) 11x11,11.0,0.7,0.3,0.0,0.0,0.0,0.0
Melon,Overripe,Melon_Overripe_014.jpg,Weighted Otsu-Local (0.6/0.4) 11x11,11.0,0.6,0.4,0.0,0.0,0.0,0.0
Melon,Overripe,Melon_Overripe_014.jpg,Local Contrast-Guided Otsu (21x21),21.0,,,0.0,0.0,0.0,0.0
Melon,Overripe,Melon_Overripe_014.jpg,Weighted Otsu-Local (0.8/0.2) 21x21,21.0,0.8,0.2,0.0,0.0,0.0,0.0
Melon,Overripe,Melon_Overripe_014.jpg,Weighted Otsu-Local (0.7/0.3) 21x21,21.0,0.7,0.3,0.0,0.0,0.0,0.0
Melon,Overripe,Melon_Overripe_014.jpg,Weighted Otsu-Local (0.6/0.4) 21x21,21.0,0.6,0.4,0.0,0.0,0.0,0.0
Melon,Overripe,Melon_Overripe_014.jpg,Local Contrast-Guided Otsu (31x31),31.0,,,0.0,0.0,0.0,0.0
Melon,Overripe,Melon_Overripe_014.jpg,Weighted Otsu-Local (0.8/0.2) 31x31,31.0,0.8,0.2,0.0,0.0,0.0,0.0
Melon,Overripe,Melon_Overripe_014.jpg,Weighted Otsu-Local (0.7/0.3) 31x31,31.0,0.7,0.3,0.0,0.0,0.0,0.0
Melon,Overripe,Melon_Overripe_014.jpg,Weighted Otsu-Local (0.6/0.4) 31x31,31.0,0.6,0.4,0.0,0.0,0.0,0.0
Melon,Rotten,Melon_Rotten_010.jpg,Original Otsu,,,,0.26486373325213153,0.41880200418290425,0.2718482634683752,0.9115739831008056
Melon,Rotten,Melon_Rotten_010.jpg,Otsu + Morphology 7x7,,,,0.2670422427256091,0.4215206624068963,0.2740313240455801,0.9128184974127203
Melon,Rotten,Melon_Rotten_010.jpg,Local Contrast-Guided Otsu (11x11),11.0,,,0.07773737610697319,0.14426033248986478,0.42627432063032644,0.08682124844435711
Melon,Rotten,Melon_Rotten_010.jpg,Weighted Otsu-Local (0.8/0.2) 11x11,11.0,0.8,0.2,0.22574750830564785,0.3683425938474048,0.2811045609680422,0.5340931420711338
Melon,Rotten,Melon_Rotten_010.jpg,Weighted Otsu-Local (0.7/0.3) 11x11,11.0,0.7,0.3,0.2105892910559378,0.3479120336051396,0.2715001928268415,0.48418156808803303
Melon,Rotten,Melon_Rotten_010.jpg,Weighted Otsu-Local (0.6/0.4) 11x11,11.0,0.6,0.4,0.17816178236848426,0.30244026760114684,0.24753342650341045,0.3886487194602738
Melon,Rotten,Melon_Rotten_010.jpg,Local Contrast-Guided Otsu (21x21),21.0,,,0.13913771992008764,0.24428603756505995,0.2879434515870899,0.21212418942817843
Melon,Rotten,Melon_Rotten_010.jpg,Weighted Otsu-Local (0.8/0.2) 21x21,21.0,0.8,0.2,0.23113899847846284,0.3754880622969825,0.28187654969703935,0.5621929652191
Melon,Rotten,Melon_Rotten_010.jpg,Weighted Otsu-Local (0.7/0.3) 21x21,21.0,0.7,0.3,0.2089719007352434,0.34570183245475916,0.26526931428171185,0.4961354555577389
Melon,Rotten,Melon_Rotten_010.jpg,Weighted Otsu-Local (0.6/0.4) 21x21,21.0,0.6,0.4,0.1798227100042212,0.30483005366726296,0.23970290344361916,0.41854981332285324
Melon,Rotten,Melon_Rotten_010.jpg,Local Contrast-Guided Otsu (31x31),31.0,,,0.14377033492822966,0.2513972089287507,0.2570138223621185,0.24602082923953625
Melon,Rotten,Melon_Rotten_010.jpg,Weighted Otsu-Local (0.8/0.2) 31x31,31.0,0.8,0.2,0.2249670175816483,0.3673029793500599,0.2764021899138259,0.5472915438527544
Melon,Rotten,Melon_Rotten_010.jpg,Weighted Otsu-Local (0.7/0.3) 31x31,31.0,0.7,0.3,0.2039886657899375,0.3388547942120376,0.25820734155926617,0.4927621667649178
Melon,Rotten,Melon_Rotten_010.jpg,Weighted Otsu-Local (0.6/0.4) 31x31,31.0,0.6,0.4,0.18201965696666025,0.3079807613923535,0.2389626818469323,0.43305823016964695
Orange,Ripe,Orange_Ripe_084.jpg,Original Otsu,,,,0.0,0.0,0.0,0.0
Orange,Ripe,Orange_Ripe_084.jpg,Otsu + Morphology 7x7,,,,0.0,0.0,0.0,0.0
Orange,Ripe,Orange_Ripe_084.jpg,Local Contrast-Guided Otsu (11x11),11.0,,,0.0,0.0,0.0,0.0
Orange,Ripe,Orange_Ripe_084.jpg,Weighted Otsu-Local (0.8/0.2) 11x11,11.0,0.8,0.2,0.0,0.0,0.0,0.0
Orange,Ripe,Orange_Ripe_084.jpg,Weighted Otsu-Local (0.7/0.3) 11x11,11.0,0.7,0.3,0.0,0.0,0.0,0.0
Orange,Ripe,Orange_Ripe_084.jpg,Weighted Otsu-Local (0.6/0.4) 11x11,11.0,0.6,0.4,0.0,0.0,0.0,0.0
Orange,Ripe,Orange_Ripe_084.jpg,Local Contrast-Guided Otsu (21x21),21.0,,,0.0,0.0,0.0,0.0
Orange,Ripe,Orange_Ripe_084.jpg,Weighted Otsu-Local (0.8/0.2) 21x21,21.0,0.8,0.2,0.0,0.0,0.0,0.0
Orange,Ripe,Orange_Ripe_084.jpg,Weighted Otsu-Local (0.7/0.3) 21x21,21.0,0.7,0.3,0.0,0.0,0.0,0.0
Orange,Ripe,Orange_Ripe_084.jpg,Weighted Otsu-Local (0.6/0.4) 21x21,21.0,0.6,0.4,0.0,0.0,0.0,0.0
Orange,Ripe,Orange_Ripe_084.jpg,Local Contrast-Guided Otsu (31x31),31.0,,,0.0,0.0,0.0,0.0
Orange,Ripe,Orange_Ripe_084.jpg,Weighted Otsu-Local (0.8/0.2) 31x31,31.0,0.8,0.2,0.0,0.0,0.0,0.0
Orange,Ripe,Orange_Ripe_084.jpg,Weighted Otsu-Local (0.7/0.3) 31x31,31.0,0.7,0.3,0.0,0.0,0.0,0.0
Orange,Ripe,Orange_Ripe_084.jpg,Weighted Otsu-Local (0.6/0.4) 31x31,31.0,0.6,0.4,0.0,0.0,0.0,0.0
Orange,Overripe,Orange_Overripe_084.jpg,Original Otsu,,,,0.4803573961140264,0.6489748994060165,0.5959487100534454,0.712359018850067
Orange,Overripe,Orange_Overripe_084.jpg,Otsu + Morphology 7x7,,,,0.48090163496948884,0.6494714079769341,0.597991283764352,0.7106501564266372
Orange,Overripe,Orange_Overripe_084.jpg,Local Contrast-Guided Otsu (11x11),11.0,,,0.01321930487836675,0.02609366958311889,0.6160388821385177,0.013329126902752583
Orange,Overripe,Orange_Overripe_084.jpg,Weighted Otsu-Local (0.8/0.2) 11x11,11.0,0.8,0.2,0.3923691181795659,0.5635992827714587,0.5878590600194163,0.5412624549780477
Orange,Overripe,Orange_Overripe_084.jpg,Weighted Otsu-Local (0.7/0.3) 11x11,11.0,0.7,0.3,0.39568290643763776,0.5670097478625497,0.587999435267542,0.5474669400846545
Orange,Overripe,Orange_Overripe_084.jpg,Weighted Otsu-Local (0.6/0.4) 11x11,11.0,0.6,0.4,0.3922378514189999,0.5634638521273105,0.5869769561625886,0.5417619686095118
Orange,Overripe,Orange_Overripe_084.jpg,Local Contrast-Guided Otsu (21x21),21.0,,,0.07369846216727124,0.13727962694201898,0.7223335002503756,0.07584720140915424
Orange,Overripe,Orange_Overripe_084.jpg,Weighted Otsu-Local (0.8/0.2) 21x21,21.0,0.8,0.2,0.3935904235169331,0.5648581059040991,0.5847097554798953,0.5463101716749481
Orange,Overripe,Orange_Overripe_084.jpg,Weighted Otsu-Local (0.7/0.3) 21x21,21.0,0.7,0.3,0.402536402066698,0.5740120562625586,0.585174664736569,0.5632673449535978
Orange,Overripe,Orange_Overripe_084.jpg,Weighted Otsu-Local (0.6/0.4) 21x21,21.0,0.6,0.4,0.4127037222872647,0.5842749838856075,0.5846980148491391,0.5838525646081447
Orange,Overripe,Orange_Overripe_084.jpg,Local Contrast-Guided Otsu (31x31),31.0,,,0.09511238497510936,0.1737034231007645,0.6853260869565218,0.09945579304361543
Orange,Overripe,Orange_Overripe_084.jpg,Weighted Otsu-Local (0.8/0.2) 31x31,31.0,0.8,0.2,0.39378434716695093,0.5650577838205303,0.585137836848478,0.5463101716749481
Orange,Overripe,Orange_Overripe_084.jpg,Weighted Otsu-Local (0.7/0.3) 31x31,31.0,0.7,0.3,0.4114021282973621,0.5829694033317847,0.5887447048099094,0.577306307016852
Orange,Overripe,Orange_Overripe_084.jpg,Weighted Otsu-Local (0.6/0.4) 31x31,31.0,0.6,0.4,0.4229190548385904,0.5944386694386694,0.5876730981681781,0.601361831900518
Orange,Rotten,Orange_Rotten_084.jpg,Original Otsu,,,,0.7390036855779107,0.8499161809795968,0.8815791844604213,0.8204487523477327
Orange,Rotten,Orange_Rotten_084.jpg,Otsu + Morphology 7x7,,,,0.7438697463082166,0.8531253528344002,0.8848253373448394,0.8236181915749933
Orange,Rotten,Orange_Rotten_084.jpg,Local Contrast-Guided Otsu (11x11),11.0,,,0.08168090171986081,0.1510258738783112,0.9192430204234588,0.08227126375100617
Orange,Rotten,Orange_Rotten_084.jpg,Weighted Otsu-Local (0.8/0.2) 11x11,11.0,0.8,0.2,0.4174117881256117,0.5889774469529394,0.9748556816861028,0.42195465521867453
Orange,Rotten,Orange_Rotten_084.jpg,Weighted Otsu-Local (0.7/0.3) 11x11,11.0,0.7,0.3,0.36952352610521444,0.5396380844308702,0.9631975867269985,0.3748155352830695
Orange,Rotten,Orange_Rotten_084.jpg,Weighted Otsu-Local (0.6/0.4) 11x11,11.0,0.6,0.4,0.26204615002894716,0.41527189797764,0.9506150615061506,0.26566273141937213
Orange,Rotten,Orange_Rotten_084.jpg,Local Contrast-Guided Otsu (21x21),21.0,,,0.19082396386296943,0.3204906344745476,0.9185778906435997,0.19410719077005634
Orange,Rotten,Orange_Rotten_084.jpg,Weighted Otsu-Local (0.8/0.2) 21x21,21.0,0.8,0.2,0.43386068085811313,0.6051643463693606,0.9727742079263083,0.43919372149181646
Orange,Rotten,Orange_Rotten_084.jpg,Weighted Otsu-Local (0.7/0.3) 21x21,21.0,0.7,0.3,0.38602093896095346,0.5570203567780707,0.9545713587885696,0.3932452374563992
Orange,Rotten,Orange_Rotten_084.jpg,Weighted Otsu-Local (0.6/0.4) 21x21,21.0,0.6,0.4,0.3177707882838608,0.4822853733124487,0.9321480057664584,0.3252951435470888
Orange,Rotten,Orange_Rotten_084.jpg,Local Contrast-Guided Otsu (31x31),31.0,,,0.23856613102595797,0.3852295409181637,0.932787730377626,0.2427387979608264
Orange,Rotten,Orange_Rotten_084.jpg,Weighted Otsu-Local (0.8/0.2) 31x31,31.0,0.8,0.2,0.4402550091074681,0.6113570254205135,0.9722801243371731,0.4458512208210357
Orange,Rotten,Orange_Rotten_084.jpg,Weighted Otsu-Local (0.7/0.3) 31x31,31.0,0.7,0.3,0.3895115107559523,0.5606452450963026,0.9476625813405725,0.39807485913603435
Orange,Rotten,Orange_Rotten_084.jpg,Weighted Otsu-Local (0.6/0.4) 31x31,31.0,0.6,0.4,0.32217265552232954,0.487338252196804,0.9264602227338941,0.33062785081835255
Peach,Ripe,Peach_Ripe_084.jpg,Original Otsu,,,,0.1371467459436226,0.2412120448532191,0.1371467459436226,1.0
Peach,Ripe,Peach_Ripe_084.jpg,Otsu + Morphology 7x7,,,,0.13995906133489291,0.24555103087825056,0.13995906133489291,1.0
Peach,Ripe,Peach_Ripe_084.jpg,Local Contrast-Guided Otsu (11x11),11.0,,,0.13449111470113084,0.23709505161979352,0.21726837755545889,0.2609036301906503
Peach,Ripe,Peach_Ripe_084.jpg,Weighted Otsu-Local (0.8/0.2) 11x11,11.0,0.8,0.2,0.24374562352791393,0.3919541406489917,0.24374562352791393,1.0
Peach,Ripe,Peach_Ripe_084.jpg,Weighted Otsu-Local (0.7/0.3) 11x11,11.0,0.7,0.3,0.24255154139468751,0.39040882138770416,0.2437487822303046,0.9801514755810916
Peach,Ripe,Peach_Ripe_084.jpg,Weighted Otsu-Local (0.6/0.4) 11x11,11.0,0.6,0.4,0.2422772347863309,0.39005340837305463,0.25,0.8869156437712197
Peach,Ripe,Peach_Ripe_084.jpg,Local Contrast-Guided Otsu (21x21),21.0,,,0.15579418344519017,0.26958810777330444,0.19159238472543194,0.45468790806999215
Peach,Ripe,Peach_Ripe_084.jpg,Weighted Otsu-Local (0.8/0.2) 21x21,21.0,0.8,0.2,0.24176548089591568,0.3893899204244032,0.24432461220957327,0.9584747975972839
Peach,Ripe,Peach_Ripe_084.jpg,Weighted Otsu-Local (0.7/0.3) 21x21,21.0,0.7,0.3,0.2075740318906606,0.3437868427257722,0.20977209944751382,0.9519456777226429
Peach,Ripe,Peach_Ripe_084.jpg,Weighted Otsu-Local (0.6/0.4) 21x21,21.0,0.6,0.4,0.1941348643476303,0.325147301437662,0.19837800529161395,0.9007573779054583
Peach,Ripe,Peach_Ripe_084.jpg,Local Contrast-Guided Otsu (31x31),31.0,,,0.1762820512820513,0.2997275204359673,0.2010162239258335,0.588926612692609
Peach,Ripe,Peach_Ripe_084.jpg,Weighted Otsu-Local (0.8/0.2) 31x31,31.0,0.8,0.2,0.23824867323730098,0.38481555181386806,0.23912492073557387,0.9848524418908331
Peach,Ripe,Peach_Ripe_084.jpg,Weighted Otsu-Local (0.7/0.3) 31x31,31.0,0.7,0.3,0.202330743618202,0.3365642019754454,0.20440657061164993,0.9522068425176287
Peach,Ripe,Peach_Ripe_084.jpg,Weighted Otsu-Local (0.6/0.4) 31x31,31.0,0.6,0.4,0.18674827035657265,0.3147226333019418,0.1899837574445046,0.9164272656045965
Peach,Overripe,Peach_Overripe_084.jpg,Original Otsu,,,,0.09610207655741806,0.17535242129866335,0.09830577877872754,0.810858735117791
Peach,Overripe,Peach_Overripe_084.jpg,Otsu + Morphology 7x7,,,,0.09610225816784113,0.17535272361992604,0.09830845159836989,0.8106898589884319
Peach,Overripe,Peach_Overripe_084.jpg,Local Contrast-Guided Otsu (11x11),11.0,,,0.0730445068756469,0.13614441229158053,0.1492747784045125,0.1251372118551043
Peach,Overripe,Peach_Overripe_084.jpg,Weighted Otsu-Local (0.8/0.2) 11x11,11.0,0.8,0.2,0.1500535696892958,0.2609505742064433,0.16321644241974786,0.6504264122266318
Peach,Overripe,Peach_Overripe_084.jpg,Weighted Otsu-Local (0.7/0.3) 11x11,11.0,0.7,0.3,0.1840364766008618,0.31086284964665056,0.20740280640334283,0.6202820231360298
Peach,Overripe,Peach_Overripe_084.jpg,Weighted Otsu-Local (0.6/0.4) 11x11,11.0,0.6,0.4,0.22861757327926877,0.37215416456899925,0.2782401405210991,0.5617664443130963
Peach,Overripe,Peach_Overripe_084.jpg,Local Contrast-Guided Otsu (21x21),21.0,,,0.12806246641165872,0.22704853715951126,0.16991736923786754,0.3420586000168876
Peach,Overripe,Peach_Overripe_084.jpg,Weighted Otsu-Local (0.8/0.2) 21x21,21.0,0.8,0.2,0.1512056107625974,0.26269088570969296,0.16222923739750233,0.6899434264966647
Peach,Overripe,Peach_Overripe_084.jpg,Weighted Otsu-Local (0.7/0.3) 21x21,21.0,0.7,0.3,0.1730606396144076,0.29505830094392005,0.18894446156398892,0.6730558135607532
Peach,Overripe,Peach_Overripe_084.jpg,Weighted Otsu-Local (0.6/0.4) 21x21,21.0,0.6,0.4,0.19943767065884452,0.3325519541991615,0.22682409371829168,0.622899603141096
Peach,Overripe,Peach_Overripe_084.jpg,Local Contrast-Guided Otsu (31x31),31.0,,,0.14925755977997548,0.25974605693879577,0.18387697061198693,0.4422021447268429
Peach,Overripe,Peach_Overripe_084.jpg,Weighted Otsu-Local (0.8/0.2) 31x31,31.0,0.8,0.2,0.1625794908694891,0.279687526137067,0.17439192290041303,0.7059022207211011
Peach,Overripe,Peach_Overripe_084.jpg,Weighted Otsu-Local (0.7/0.3) 31x31,31.0,0.7,0.3,0.18819471954885467,0.31677420620133756,0.20630460328002861,0.6819218103521067
Peach,Overripe,Peach_Overripe_084.jpg,Weighted Otsu-Local (0.6/0.4) 31x31,31.0,0.6,0.4,0.19706488022313165,0.3292467826579274,0.22183098591549297,0.638351768977455
Peach,Rotten,Peach_Rotten_084.jpg,Original Otsu,,,,0.1982574204474552,0.3309095642794711,0.20541177013829567,0.8505736137667304
Peach,Rotten,Peach_Rotten_084.jpg,Otsu + Morphology 7x7,,,,0.20180024548802108,0.33582992888485397,0.20932754880694143,0.8487571701720842
Peach,Rotten,Peach_Rotten_084.jpg,Local Contrast-Guided Otsu (11x11),11.0,,,0.09648637978681406,0.17599193490314682,0.3565800992121389,0.11682600382409178
Peach,Rotten,Peach_Rotten_084.jpg,Weighted Otsu-Local (0.8/0.2) 11x11,11.0,0.8,0.2,0.06031298273893478,0.11376448977006398,0.08506204414132802,0.1717017208413002
Peach,Rotten,Peach_Rotten_084.jpg,Weighted Otsu-Local (0.7/0.3) 11x11,11.0,0.7,0.3,0.0605289751541973,0.11414864953670237,0.08696305196755783,0.16606118546845125
Peach,Rotten,Peach_Rotten_084.jpg,Weighted Otsu-Local (0.6/0.4) 11x11,11.0,0.6,0.4,0.0614356624665903,0.11575955969639196,0.09279658573158775,0.15382409177820267
Peach,Rotten,Peach_Rotten_084.jpg,Local Contrast-Guided Otsu (21x21),21.0,,,0.11008250191864927,0.19833210906105517,0.1809508791295435,0.21940726577437858
Peach,Rotten,Peach_Rotten_084.jpg,Weighted Otsu-Local (0.8/0.2) 21x21,21.0,0.8,0.2,0.07834695160276556,0.14530935796928277,0.10451515532637404,0.23833652007648184
Peach,Rotten,Peach_Rotten_084.jpg,Weighted Otsu-Local (0.7/0.3) 21x21,21.0,0.7,0.3,0.08108998353046863,0.15001523419106447,0.10560386850212533,0.25889101338432124
Peach,Rotten,Peach_Rotten_084.jpg,Weighted Otsu-Local (0.6/0.4) 21x21,21.0,0.6,0.4,0.07792325056433408,0.14458033171385493,0.10211406484183955,0.24751434034416825
Peach,Rotten,Peach_Rotten_084.jpg,Local Contrast-Guided Otsu (31x31),31.0,,,0.1010672188595094,0.18358047016274864,0.14764397905759163,0.24263862332695985
Peach,Rotten,Peach_Rotten_084.jpg,Weighted Otsu-Local (0.8/0.2) 31x31,31.0,0.8,0.2,0.07799777664273053,0.14470860391872684,0.10212832920256501,0.24818355640535372
Peach,Rotten,Peach_Rotten_084.jpg,Weighted Otsu-Local (0.7/0.3) 31x31,31.0,0.7,0.3,0.07678601258421962,0.14262074671630987,0.09774595973915509,0.26367112810707455
Peach,Rotten,Peach_Rotten_084.jpg,Weighted Otsu-Local (0.6/0.4) 31x31,31.0,0.6,0.4,0.07647943146098128,0.14209176548256863,0.09673961898834837,0.26749521988527725
Pear,Ripe,Pear_Ripe_047.jpg,Original Otsu,,,,0.059772585846014595,0.11280266473075116,0.06050922585300485,0.8307910048749804
Pear,Ripe,Pear_Ripe_047.jpg,Otsu + Morphology 7x7,,,,0.06059054446151221,0.11425812681042806,0.06131190199306859,0.837395816952351
Pear,Ripe,Pear_Ripe_047.jpg,Local Contrast-Guided Otsu (11x11),11.0,,,0.15219147646940012,0.2641774038040144,0.2984158415841584,0.23698694763327569
Pear,Ripe,Pear_Ripe_047.jpg,Weighted Otsu-Local (0.8/0.2) 11x11,11.0,0.8,0.2,0.044869987372653825,0.08588625937181006,0.04640547736782046,0.5755621953137285
Pear,Ripe,Pear_Ripe_047.jpg,Weighted Otsu-Local (0.7/0.3) 11x11,11.0,0.7,0.3,0.04468781007680717,0.08555246772434658,0.04622285294341248,0.5736751061487655
Pear,Ripe,Pear_Ripe_047.jpg,Weighted Otsu-Local (0.6/0.4) 11x11,11.0,0.6,0.4,0.04450326234149945,0.08521421415522423,0.04605916978824249,0.5684856109451172
Pear,Ripe,Pear_Ripe_047.jpg,Local Contrast-Guided Otsu (21x21),21.0,,,0.21083142639206712,0.34824240897064385,0.2904887020493957,0.43465953766315457
Pear,Ripe,Pear_Ripe_047.jpg,Weighted Otsu-Local (0.8/0.2) 21x21,21.0,0.8,0.2,0.04796107222964443,0.09153216374269006,0.04944339849130034,0.6153483252083661
Pear,Ripe,Pear_Ripe_047.jpg,Weighted Otsu-Local (0.7/0.3) 21x21,21.0,0.7,0.3,0.04954642313546423,0.09441492447270111,0.05096762071773032,0.6398804843528857
Pear,Ripe,Pear_Ripe_047.jpg,Weighted Otsu-Local (0.6/0.4) 21x21,21.0,0.6,0.4,0.05094433701825434,0.09694963895574893,0.0523252182819741,0.6587513760025161
Pear,Ripe,Pear_Ripe_047.jpg,Local Contrast-Guided Otsu (31x31),31.0,,,0.192643391521197,0.3230527966544694,0.24195442800093964,0.485925459977984
Pear,Ripe,Pear_Ripe_047.jpg,Weighted Otsu-Local (0.8/0.2) 31x31,31.0,0.8,0.2,0.04890817915425265,0.09325540619520747,0.050371885694081395,0.6272998899197987
Pear,Ripe,Pear_Ripe_047.jpg,Weighted Otsu-Local (0.7/0.3) 31x31,31.0,0.7,0.3,0.05044249945144696,0.09604047718516455,0.05184619047022415,0.6507312470514232
Pear,Ripe,Pear_Ripe_047.jpg,Weighted Otsu-Local (0.6/0.4) 31x31,31.0,0.6,0.4,0.05245447588041643,0.09968027517111627,0.053788086399760834,0.6790375845258688
Pear,Overripe,Pear_Overripe_032.jpg,Original Otsu,,,,0.28167887567128364,0.43954672425064883,0.3319469172189889,0.6503590795837608
Pear,Overripe,Pear_Overripe_032.jpg,Otsu + Morphology 7x7,,,,0.2874884944968044,0.4465880599720077,0.3401331329181877,0.6500366407738531
Pear,Overripe,Pear_Overripe_032.jpg,Local Contrast-Guided Otsu (11x11),11.0,,,0.011431083754671357,0.022603781786568137,0.15447456368362422,0.01219404953832625
Pear,Overripe,Pear_Overripe_032.jpg,Weighted Otsu-Local (0.8/0.2) 11x11,11.0,0.8,0.2,0.3364552726085537,0.5035039772814022,0.5254285896373717,0.4833357760515902
Pear,Overripe,Pear_Overripe_032.jpg,Weighted Otsu-Local (0.7/0.3) 11x11,11.0,0.7,0.3,0.3252609695682944,0.4908632745356541,0.5698620582765034,0.43110068884654845
Pear,Overripe,Pear_Overripe_032.jpg,Weighted Otsu-Local (0.6/0.4) 11x11,11.0,0.6,0.4,0.28154604016672985,0.43938497930218806,0.5944891733760064,0.34846841565293857
Pear,Overripe,Pear_Overripe_032.jpg,Local Contrast-Guided Otsu (21x21),21.0,,,0.04655635834586837,0.08897057091020476,0.2267595484025943,0.05534222482778836
Pear,Overripe,Pear_Overripe_032.jpg,Weighted Otsu-Local (0.8/0.2) 21x21,21.0,0.8,0.2,0.3305595922998825,0.4968730362967174,0.5074412492742107,0.48673603986516195
Pear,Overripe,Pear_Overripe_032.jpg,Weighted Otsu-Local (0.7/0.3) 21x21,21.0,0.7,0.3,0.3149015932521087,0.4789736279401283,0.5210199862164024,0.4432068005276271
Pear,Overripe,Pear_Overripe_032.jpg,Weighted Otsu-Local (0.6/0.4) 21x21,21.0,0.6,0.4,0.2682753266916807,0.4230553430247386,0.5036842105263157,0.3646782940055694
Pear,Overripe,Pear_Overripe_032.jpg,Local Contrast-Guided Otsu (31x31),31.0,,,0.06834652426814151,0.1279482316188776,0.26794392523364485,0.08403927890957057
Pear,Overripe,Pear_Overripe_032.jpg,Weighted Otsu-Local (0.8/0.2) 31x31,31.0,0.8,0.2,0.3313826187348222,0.4978022306611249,0.5080101309084252,0.4879964824857101
Pear,Overripe,Pear_Overripe_032.jpg,Weighted Otsu-Local (0.7/0.3) 31x31,31.0,0.7,0.3,0.30969359445962885,0.47292526400025103,0.5088465694219341,0.4417411695735014
Pear,Overripe,Pear_Overripe_032.jpg,Weighted Otsu-Local (0.6/0.4) 31x31,31.0,0.6,0.4,0.26699575106223444,0.4214627410366425,0.4798248240754604,0.37575846401876006
Pear,Rotten,Pear_Rotten_084.jpg,Original Otsu,,,,0.07756754936947509,0.1439678643160009,0.1128463476070529,0.1987920621225194
Pear,Rotten,Pear_Rotten_084.jpg,Otsu + Morphology 7x7,,,,0.07523024253821303,0.13993327114874077,0.10998012152655398,0.192308640453593
Pear,Rotten,Pear_Rotten_084.jpg,Local Contrast-Guided Otsu (11x11),11.0,,,0.03606127705725518,0.06961224756836917,0.3017583664208735,0.03934426229508197
Pear,Rotten,Pear_Rotten_084.jpg,Weighted Otsu-Local (0.8/0.2) 11x11,11.0,0.8,0.2,0.00580600273505914,0.011544975311881306,0.011182736073565768,0.01193146801429804
Pear,Rotten,Pear_Rotten_084.jpg,Weighted Otsu-Local (0.7/0.3) 11x11,11.0,0.7,0.3,0.011714473396102475,0.023157666919164592,0.022603511407379588,0.023739677061506224
Pear,Rotten,Pear_Rotten_084.jpg,Weighted Otsu-Local (0.6/0.4) 11x11,11.0,0.6,0.4,0.022014676450967312,0.04308093994778068,0.04153793340199107,0.04474300505361765
Pear,Rotten,Pear_Rotten_084.jpg,Local Contrast-Guided Otsu (21x21),21.0,,,0.08407330819446134,0.155106315336712,0.32127362875735976,0.10223098730432639
Pear,Rotten,Pear_Rotten_084.jpg,Weighted Otsu-Local (0.8/0.2) 21x21,21.0,0.8,0.2,0.02118141256882476,0.04148413260978189,0.03923766816143498,0.04400345125107852
Pear,Rotten,Pear_Rotten_084.jpg,Weighted Otsu-Local (0.7/0.3) 21x21,21.0,0.7,0.3,0.03005790088235648,0.05836157531845273,0.05548272414176203,0.06155552816467398
Pear,Rotten,Pear_Rotten_084.jpg,Weighted Otsu-Local (0.6/0.4) 21x21,21.0,0.6,0.4,0.058623356535189484,0.11075394506136763,0.10178280000826327,0.1214593861703439
Pear,Rotten,Pear_Rotten_084.jpg,Local Contrast-Guided Otsu (31x31),31.0,,,0.10898379970544919,0.19654714475431606,0.33751425313568983,0.13864168618266978
Pear,Rotten,Pear_Rotten_084.jpg,Weighted Otsu-Local (0.8/0.2) 31x31,31.0,0.8,0.2,0.026937339096341436,0.05246150484711186,0.0491658404103979,0.05623074078639221
Pear,Rotten,Pear_Rotten_084.jpg,Weighted Otsu-Local (0.7/0.3) 31x31,31.0,0.7,0.3,0.038629171890859154,0.07438491607266039,0.06969729613271572,0.0797485517071367
Pear,Rotten,Pear_Rotten_084.jpg,Weighted Otsu-Local (0.6/0.4) 31x31,31.0,0.6,0.4,0.07549063599650474,0.14038362300859694,0.12655897374985153,0.1575989153210896
