mean_fit_time,std_fit_time,mean_score_time,std_score_time,param_n_estimators,param_min_samples_split,param_min_samples_leaf,param_max_features,param_max_depth,param_bootstrap,params,split0_test_score,split1_test_score,split2_test_score,split3_test_score,split4_test_score,mean_test_score,std_test_score,rank_test_score,split0_train_score,split1_train_score,split2_train_score,split3_train_score,split4_train_score,mean_train_score,std_train_score
2.066212701797485,1.2153292584873694,1.523176670074463,1.1546583134623316,300,2,1,log2,,False,"{'n_estimators': 300, 'min_samples_split': 2, 'min_samples_leaf': 1, 'max_features': 'log2', 'max_depth': None, 'bootstrap': False}",0.8824376435083345,0.8836278298435601,0.8765579843151341,0.8831472889471964,0.9005283119406524,0.8852598117109757,0.008049094978911792,1,1.0,1.0,1.0,1.0,1.0,1.0,0.0
3.32477126121521,2.133650706721956,2.47547926902771,0.23092737205901542,300,4,1,sqrt,,False,"{'n_estimators': 300, 'min_samples_split': 4, 'min_samples_leaf': 1, 'max_features': 'sqrt', 'max_depth': None, 'bootstrap': False}",0.8789031542758264,0.894827697745595,0.8764307841612733,0.8733370440626264,0.8887889569392373,0.8824575274369117,0.008065315034988538,2,1.0,1.0,1.0,1.0,1.0,1.0,0.0
2.908093786239624,2.528031495742539,4.6521568775177,2.5589196047510487,200,6,1,log2,20,False,"{'n_estimators': 200, 'min_samples_split': 6, 'min_samples_leaf': 1, 'max_features': 'log2', 'max_depth': 20, 'bootstrap': False}",0.8845994650315484,0.8776267667665822,0.8686977522711749,0.8758628528853734,0.8848568849259659,0.8783287443761288,0.006021095563282548,3,1.0,1.0,1.0,1.0,1.0,1.0,0.0
7.711151552200318,0.9205986989299747,3.874800443649292,0.9892809409122164,400,4,2,sqrt,20,False,"{'n_estimators': 400, 'min_samples_split': 4, 'min_samples_leaf': 2, 'max_features': 'sqrt', 'max_depth': 20, 'bootstrap': False}",0.8805786979582728,0.8781022487812028,0.8651056279723218,0.8716057901032709,0.8866283452754794,0.8764041420181096,0.0074232798258711255,4,1.0,1.0,1.0,1.0,1.0,1.0,0.0
7.0522315979003904,0.9287258438547122,4.786172580718994,0.7735139724825525,400,2,2,sqrt,30,False,"{'n_estimators': 400, 'min_samples_split': 2, 'min_samples_leaf': 2, 'max_features': 'sqrt', 'max_depth': 30, 'bootstrap': False}",0.8783426056942993,0.8815652657377719,0.8649706391624109,0.8660308660160215,0.8827067338903007,0.8747232221001608,0.007672286328011504,5,1.0,1.0,1.0,1.0,1.0,1.0,0.0
3.454882001876831,0.03805868614719118,0.3193662166595459,0.0860134785475283,400,8,2,log2,20,False,"{'n_estimators': 400, 'min_samples_split': 8, 'min_samples_leaf': 2, 'max_features': 'log2', 'max_depth': 20, 'bootstrap': False}",0.8767737603681091,0.8744448560730722,0.8685842167822788,0.8701030099323459,0.8826516252878787,0.8745114936887368,0.005018991414775677,6,1.0,0.999047278738671,0.9995236542137163,1.0,1.0,0.9997141865904775,0.000381087020136874
4.067326450347901,0.7606336881841795,0.7189066410064697,0.7565246407992606,400,2,3,sqrt,,False,"{'n_estimators': 400, 'min_samples_split': 2, 'min_samples_leaf': 3, 'max_features': 'sqrt', 'max_depth': None, 'bootstrap': False}",0.8748727833829991,0.8839006428972679,0.8669709763650933,0.8623030724451153,0.8829374223139391,0.8741969794808829,0.008540413118057118,7,1.0,0.999047278738671,1.0,1.0,1.0,0.9998094557477343,0.0003810885045315793
4.3945714950561525,0.9609582438688079,3.2077889442443848,1.425118491948427,500,8,2,log2,30,False,"{'n_estimators': 500, 'min_samples_split': 8, 'min_samples_leaf': 2, 'max_features': 'log2', 'max_depth': 30, 'bootstrap': False}",0.8747244827929129,0.874697110881719,0.8593009412674123,0.8719184133347474,0.882825205382031,0.8726932307317645,0.00762564344826932,8,1.0,0.999047278738671,0.9995236542137163,1.0,1.0,0.9997141865904775,0.000381087020136874
6.5832971096038815,2.293233883322028,3.1792402267456055,1.4180226434800969,400,2,1,sqrt,20,True,"{'n_estimators': 400, 'min_samples_split': 2, 'min_samples_leaf': 1, 'max_features': 'sqrt', 'max_depth': 20, 'bootstrap': True}",0.874938044188647,0.877862358437436,0.8575720032991054,0.8663398829928669,0.8825758975380744,0.871857637291226,0.008887650268439707,9,1.0,1.0,1.0,1.0,1.0,1.0,0.0
2.8795183658599854,0.3847746139402578,0.555522108078003,0.3624368112337116,400,4,1,log2,,True,"{'n_estimators': 400, 'min_samples_split': 4, 'min_samples_leaf': 1, 'max_features': 'log2', 'max_depth': None, 'bootstrap': True}",0.8672856618127432,0.874062324442265,0.8632969953453679,0.8684696222730515,0.8806930403981875,0.8707615288543231,0.00604291189797802,10,1.0,1.0,1.0,1.0,1.0,1.0,0.0
13.908698892593383,0.8145123682817258,2.972771644592285,0.5015312187945086,300,2,2,0.5,,False,"{'n_estimators': 300, 'min_samples_split': 2, 'min_samples_leaf': 2, 'max_features': 0.5, 'max_depth': None, 'bootstrap': False}",0.8730884713620576,0.881678749979389,0.8597853331650795,0.8549596281372834,0.8587053904782223,0.8656435146244064,0.010091158911276493,11,1.0,1.0,1.0,1.0,1.0,1.0,0.0
5.318783807754516,1.1760779944206972,2.644721841812134,1.0667730527551549,200,6,4,sqrt,30,False,"{'n_estimators': 200, 'min_samples_split': 6, 'min_samples_leaf': 4, 'max_features': 'sqrt', 'max_depth': 30, 'bootstrap': False}",0.8691908606022672,0.8669309073349691,0.8577498953976654,0.8642156355241272,0.8676824982420918,0.8651539594202241,0.004038520506401423,12,0.9985738668481564,0.9966720155112838,0.9990472114317466,0.9980974858976346,0.9990487290731624,0.9982878617523969,0.0008814229372025174
5.942450523376465,3.499033355428012,3.681815671920776,0.5226630519793735,400,8,2,log2,30,True,"{'n_estimators': 400, 'min_samples_split': 8, 'min_samples_leaf': 2, 'max_features': 'log2', 'max_depth': 30, 'bootstrap': True}",0.8651525366608186,0.8554540107642903,0.846219333704754,0.8552894778591767,0.8733296014721532,0.8590889920922387,0.009304182209294845,13,0.9938109384489696,0.9938122462170353,0.9952370126157403,0.9919183685521997,0.9952577267363687,0.9940072585140627,0.0012260504526577904
3.1787901878356934,2.8036827718749633,2.2721537590026855,2.730075167182439,200,4,3,log2,,True,"{'n_estimators': 200, 'min_samples_split': 4, 'min_samples_leaf': 3, 'max_features': 'log2', 'max_depth': None, 'bootstrap': True}",0.8657085663981541,0.8628062280554349,0.8405101324623377,0.8458318836584487,0.8694244846269774,0.8568562590402706,0.011493115138197547,14,0.9933389456445153,0.9947645630708253,0.9938120670207425,0.995727346813235,0.9957218087522471,0.994672946260313,0.0009737491875251146
9.582229137420654,1.4020082899077166,3.9163340091705323,1.0273348973973462,400,6,2,0.5,30,True,"{'n_estimators': 400, 'min_samples_split': 6, 'min_samples_leaf': 2, 'max_features': 0.5, 'max_depth': 30, 'bootstrap': True}",0.8575033814702311,0.8681518311561834,0.8428413732587506,0.857007662502612,0.8550441869138489,0.8561096870603253,0.008061580739876785,15,0.9966698549531327,0.9957197162295869,0.9976190238464226,0.9980936095983252,0.9961905457807189,0.9968585500816373,0.000881189025899774
11.018491125106811,1.1140045601278932,0.2896754264831543,0.1383107918927804,300,2,3,0.5,,False,"{'n_estimators': 300, 'min_samples_split': 2, 'min_samples_leaf': 3, 'max_features': 0.5, 'max_depth': None, 'bootstrap': False}",0.8504815649944732,0.8701714001184799,0.855686433103102,0.850868912638963,0.8516549508389066,0.855772652338785,0.007434098537828485,16,1.0,0.9990462662790913,1.0,1.0,0.9995238537859742,0.9997140240130131,0.0003814215258382182
13.631739711761474,0.7637989021859886,4.498393249511719,0.4447687884015575,300,6,2,0.5,30,True,"{'n_estimators': 300, 'min_samples_split': 6, 'min_samples_leaf': 2, 'max_features': 0.5, 'max_depth': 30, 'bootstrap': True}",0.8521370904789631,0.8681925575860303,0.8446177403632014,0.8551103070024106,0.8527583548023917,0.8545632100465994,0.0076696069685747315,17,0.9971429872781769,0.9947659364220572,0.9971417548996271,0.998094759084757,0.9966676607193613,0.9967626196807959,0.001100797861095785
4.9720383644104,0.365053874747935,3.1424333572387697,0.9530344961912091,200,6,4,sqrt,,True,"{'n_estimators': 200, 'min_samples_split': 6, 'min_samples_leaf': 4, 'max_features': 'sqrt', 'max_depth': None, 'bootstrap': True}",0.8555634704587743,0.8608503635512387,0.8349003485400801,0.8479219847024736,0.8616098974804419,0.8521692129466016,0.00992232341737929,18,0.985755456969405,0.9828490215316922,0.9814344608056017,0.9833411276084897,0.9857192185760622,0.9838198570982503,0.0016861755530935784
7.877211809158325,1.9663205393582464,4.38886456489563,0.8959804697678162,400,2,3,0.5,30,True,"{'n_estimators': 400, 'min_samples_split': 2, 'min_samples_leaf': 3, 'max_features': 0.5, 'max_depth': 30, 'bootstrap': True}",0.8499483903993681,0.8540013640625373,0.8444030838052027,0.8496491457672091,0.8530854269770439,0.8502174822022722,0.0033688429641418175,19,0.9914415657724871,0.993817527208401,0.9947650992666539,0.9933394600432113,0.9933346766880087,0.9933396657957523,0.0010828684815354774
5.211930656433106,2.328307086594192,1.094940710067749,1.2267848651489042,400,4,2,log2,10,False,"{'n_estimators': 400, 'min_samples_split': 4, 'min_samples_leaf': 2, 'max_features': 'log2', 'max_depth': 10, 'bootstrap': False}",0.8537077357762369,0.8525175587431301,0.8352529932690169,0.8382748110255017,0.864052654490314,0.8487611506608399,0.010628669064575389,20,0.9816412605301171,0.9820436376984935,0.9815492835392241,0.9825349600852755,0.9858700663160499,0.982727841633832,0.0016092589566481636
7.709997272491455,0.3929497151778793,2.2727099418640138,0.35305227023610664,400,2,3,log2,10,False,"{'n_estimators': 400, 'min_samples_split': 2, 'min_samples_leaf': 3, 'max_features': 'log2', 'max_depth': 10, 'bootstrap': False}",0.8388623940590408,0.844801486964802,0.8312859982370913,0.840677102529811,0.8597379418997745,0.8430729847381038,0.00941393534443165,21,0.9769271534407864,0.9787390957361577,0.9754691997966393,0.9768310012969774,0.9834554540841739,0.9782843808709469,0.0027866247235517425
14.438444757461548,0.7834769376105495,2.2667528629302978,1.078029655096607,400,6,2,,20,True,"{'n_estimators': 400, 'min_samples_split': 6, 'min_samples_leaf': 2, 'max_features': None, 'max_depth': 20, 'bootstrap': True}",0.85246918490611,0.8646794313180447,0.8232964762708993,0.8353243986303098,0.8394835884289943,0.8430506159108715,0.014276969211104147,22,0.9961891431048068,0.9942910929687006,0.9966641814530102,0.9961875113044764,0.9961912205405319,0.9959046298743051,0.0008274688922607072
4.440855550765991,0.47927973965342796,2.9347063064575196,0.3098606181179114,400,4,3,sqrt,10,False,"{'n_estimators': 400, 'min_samples_split': 4, 'min_samples_leaf': 3, 'max_features': 'sqrt', 'max_depth': 10, 'bootstrap': False}",0.8420761654842048,0.8426963460586755,0.8353036744696929,0.832395024176981,0.8505082637458259,0.840595894787076,0.006326452875139016,23,0.9755421115770977,0.9731286159446835,0.9735969750294552,0.9764201995514727,0.9783547010870819,0.9754085206379581,0.0019079299203048036
10.562560796737671,3.366193056485105,2.7198837757110597,2.488461830347825,300,4,4,0.5,20,True,"{'n_estimators': 300, 'min_samples_split': 4, 'min_samples_leaf': 4, 'max_features': 0.5, 'max_depth': 20, 'bootstrap': True}",0.8406412856784823,0.8508669081175365,0.8257426210153482,0.8343287270616273,0.8294450537619801,0.836204919126995,0.008869394878278453,24,0.9823983461915448,0.9819345893454883,0.9809779909757529,0.9804901618816007,0.9828654011073353,0.9817332979003444,0.0008809473149093224
14.211218547821044,0.1675101814857671,1.5477562427520752,0.6157809312941067,300,6,3,,,True,"{'n_estimators': 300, 'min_samples_split': 6, 'min_samples_leaf': 3, 'max_features': None, 'max_depth': None, 'bootstrap': True}",0.8392081978494028,0.8589844468136906,0.8190163744956559,0.8278802368615739,0.8356704265692092,0.8361519365179063,0.01336371664311355,25,0.9895258647402306,0.9909600355819366,0.9900025361469611,0.9923798320859142,0.990483546491753,0.9906703630093592,0.0009794860019858003
3.8627914428710937,0.17871921610978925,3.2730692863464355,0.023978458981324103,300,6,3,log2,10,True,"{'n_estimators': 300, 'min_samples_split': 6, 'min_samples_leaf': 3, 'max_features': 'log2', 'max_depth': 10, 'bootstrap': True}",0.8272667834115066,0.8369653719644365,0.8178709019219432,0.8328057496843818,0.8461543744730547,0.8322126362910647,0.009460012144115943,26,0.9664372180163942,0.9635154933393519,0.9606584221247879,0.9639707421940877,0.9687977148753312,0.9646759181099906,0.002759547740006326
7.012533235549927,1.1447254264780053,1.8972718715667725,0.657660777190899,200,8,3,,30,True,"{'n_estimators': 200, 'min_samples_split': 8, 'min_samples_leaf': 3, 'max_features': None, 'max_depth': 30, 'bootstrap': True}",0.8355613583484299,0.851494479119147,0.8059096583223092,0.8218542045336334,0.8321310058149216,0.8293901412276883,0.015115035113311932,27,0.9866846927988029,0.9871510858827327,0.9842853836311286,0.9852258083980378,0.9866838286652674,0.9860061598751939,0.00107708094312721
25.409258699417116,2.788529661082296,5.903213691711426,2.091248771050091,400,8,4,,,True,"{'n_estimators': 400, 'min_samples_split': 8, 'min_samples_leaf': 4, 'max_features': None, 'max_depth': None, 'bootstrap': True}",0.8390094333713631,0.8497261783756573,0.8022201465399789,0.8090817403093732,0.8222225312879999,0.8244520059768746,0.017811084643496546,28,0.977652994093113,0.9809414721870249,0.9799887963203229,0.97761767152255,0.981914301213593,0.9796230470673208,0.0017334648927450351
9.242995357513427,1.5372748082180807,1.2262391090393066,1.479752655529105,300,6,1,0.5,10,True,"{'n_estimators': 300, 'min_samples_split': 6, 'min_samples_leaf': 1, 'max_features': 0.5, 'max_depth': 10, 'bootstrap': True}",0.8303328334961325,0.8268640983823917,0.8052511794407168,0.8220258252446742,0.8252360677085443,0.8219420008544919,0.008764411434067542,29,0.9500645155655244,0.9478478086691957,0.9489926237181848,0.9459971173344306,0.9433441054365925,0.9472492341447856,0.0023723968840897725
14.816318988800049,6.023315743673101,2.0785143852233885,1.2433764297392544,400,4,1,0.5,10,False,"{'n_estimators': 400, 'min_samples_split': 4, 'min_samples_leaf': 1, 'max_features': 0.5, 'max_depth': 10, 'bootstrap': False}",0.8114317703044306,0.8231154876485155,0.796132753560451,0.8171023799492091,0.8228834880520629,0.8141331759029338,0.0099737541215513,30,0.950216449576889,0.9468140531672781,0.942843379694215,0.9510820463263793,0.9447084692051078,0.9471328795939739,0.0031459035946419635
9.045823574066162,1.2445967097460537,1.1167033195495606,1.382944206856568,300,8,3,0.5,10,True,"{'n_estimators': 300, 'min_samples_split': 8, 'min_samples_leaf': 3, 'max_features': 0.5, 'max_depth': 10, 'bootstrap': True}",0.8122127068675086,0.819695623894306,0.8037341472213748,0.8164668371510372,0.8139366621617204,0.8132091954591895,0.005366278406156506,31,0.9409246731298101,0.9293775677737289,0.9347714277677757,0.9268061047464874,0.9285217181239203,0.9320802983083446,0.0051623736158795805
11.353478717803956,0.813268942213293,1.2802701473236084,0.7814925320728215,300,8,1,0.5,10,False,"{'n_estimators': 300, 'min_samples_split': 8, 'min_samples_leaf': 1, 'max_features': 0.5, 'max_depth': 10, 'bootstrap': False}",0.8095242280107642,0.8177395307257007,0.7936053474399501,0.8225895417371508,0.8215107968318056,0.8129938889490743,0.010724639640213359,32,0.9450483543362532,0.9438917461928746,0.9354986018944125,0.9452383210174664,0.9416869597462867,0.9422727966374588,0.003615300052015388
6.6580077648162845,2.594104397939866,1.9215195178985596,0.8380178961406249,200,4,3,0.5,10,True,"{'n_estimators': 200, 'min_samples_split': 4, 'min_samples_leaf': 3, 'max_features': 0.5, 'max_depth': 10, 'bootstrap': True}",0.8143900391137282,0.8188776123750516,0.7962922311879687,0.8108222392692849,0.8098020747550226,0.8100368393402112,0.0075722630281765835,33,0.9413257211552124,0.9337963675496902,0.9327049450147308,0.930063743767701,0.9327927768692541,0.9341367108713177,0.003801128136110519
12.488443040847779,3.027011137872891,2.430422067642212,0.7514550064917483,400,6,4,0.5,10,False,"{'n_estimators': 400, 'min_samples_split': 6, 'min_samples_leaf': 4, 'max_features': 0.5, 'max_depth': 10, 'bootstrap': False}",0.8035007453744193,0.8173790275352296,0.7973608796873394,0.8075196516315277,0.8216697770106786,0.809486016247839,0.008915746153320388,34,0.93507411599365,0.9342875484388041,0.9296974059774724,0.9342939212495558,0.9249298326954671,0.9316565648709899,0.0038637962733282854
13.53525538444519,0.799225254912352,1.0954134941101075,1.2285312276267286,400,4,3,,10,True,"{'n_estimators': 400, 'min_samples_split': 4, 'min_samples_leaf': 3, 'max_features': None, 'max_depth': 10, 'bootstrap': True}",0.8267170267627553,0.8123002492446927,0.7684064781503896,0.795894871645841,0.8041802588303928,0.8014997769268142,0.019423317234331137,35,0.9395365449098397,0.9308368806711811,0.9189504399750733,0.9342412379746112,0.9240566646318041,0.929524353632502,0.007292722020496957
10.020245838165284,0.5341066596025955,0.3989321231842041,0.05824253227935473,300,4,3,,10,True,"{'n_estimators': 300, 'min_samples_split': 4, 'min_samples_leaf': 3, 'max_features': None, 'max_depth': 10, 'bootstrap': True}",0.8213359130057784,0.8125160863864136,0.7675480347950409,0.7887043267983,0.8037613477942082,0.7987731417559483,0.01896954249548363,36,0.9358305603768736,0.9280343349661694,0.9184197308723578,0.9316101344207744,0.9252864363770974,0.9278362394026546,0.005888341390734822
13.848182153701782,0.7395457337884839,1.7864726066589356,0.3272121490838852,200,6,1,,20,False,"{'n_estimators': 200, 'min_samples_split': 6, 'min_samples_leaf': 1, 'max_features': None, 'max_depth': 20, 'bootstrap': False}",0.6968800284132661,0.7132114362310069,0.6623685708296397,0.7027042615973369,0.6736483152962742,0.6897625224735048,0.018857864769775832,37,0.9316056039582733,0.9473310792088914,0.9496233132361419,0.9472388142632083,0.9459191601844813,0.9443435941701992,0.00647953088677156
36.03249354362488,0.3108943369034842,1.6718995571136475,0.1901505796310349,400,2,4,,20,False,"{'n_estimators': 400, 'min_samples_split': 2, 'min_samples_leaf': 4, 'max_features': None, 'max_depth': 20, 'bootstrap': False}",0.683662089209332,0.7116441835118537,0.6427485947470951,0.7030722125700649,0.679964033155124,0.6842182226386939,0.023857048082985322,38,0.8781198471257187,0.8898672594559232,0.8984162354083274,0.8978798951676812,0.8932758577678818,0.8915118189851065,0.007394385431759908
12.580133247375489,1.6093273030703976,1.322112798690796,1.0041784598740546,200,4,1,,10,False,"{'n_estimators': 200, 'min_samples_split': 4, 'min_samples_leaf': 1, 'max_features': None, 'max_depth': 10, 'bootstrap': False}",0.6339301416768939,0.6804661239485867,0.5840420395907799,0.690254171896315,0.6494150100039745,0.64762149742331,0.03776064563043518,39,0.7956988085581884,0.8185360310665915,0.7547885036053499,0.8013251019623063,0.7961568426644567,0.7933010575713786,0.020968122028310228
30.420056533813476,0.2510081211533559,2.3097729682922363,1.0803096687796379,500,6,1,,10,False,"{'n_estimators': 500, 'min_samples_split': 6, 'min_samples_leaf': 1, 'max_features': None, 'max_depth': 10, 'bootstrap': False}",0.6322643360506007,0.6793447420039741,0.5780567851357724,0.6944899801334244,0.6498281108649645,0.6467967908377472,0.04069294523002184,40,0.7916176919691602,0.8104923325605783,0.7498719411847795,0.794597421804133,0.790784179429119,0.787472713389554,0.020112827060976234
